GEOID,pop_total,pop_white,pop_poc,STATEFP,county,pop_aian,pop_black,pop_asian,pop_pacific,pop_other,pop_2
300010003002,787,784,3,30,001,1,1,1,0,0,0
300030001001,916,736,180,30,003,79,0,13,0,0,88
300030001004,498,492,6,30,003,0,0,4,0,0,2
300039405002,792,275,517,30,003,506,0,0,0,0,11
300039407001,1246,328,918,30,003,873,0,0,0,0,45
300050002001,855,848,7,30,005,6,0,0,0,0,1
300059402001,630,63,567,30,005,542,12,0,0,13,0
300070001001,1187,1154,33,30,007,28,5,0,0,0,0
300070002002,1434,1404,30,30,007,0,0,0,0,9,21
300090001002,663,640,23,30,009,9,0,0,0,0,14
300090002002,1060,1005,55,30,009,15,0,0,0,4,36
300090003003,855,772,83,30,009,0,0,23,0,60,0
300130002003,1052,1013,39,30,013,30,0,2,0,0,7
300090004003,440,422,18,30,009,0,8,0,0,9,1
300110003001,753,704,49,30,011,17,0,0,0,0,32
300130001002,919,868,51,30,013,21,0,0,0,0,30
300130003003,703,596,107,30,013,28,0,0,0,0,79
300130010004,772,728,44,30,013,13,15,0,0,0,16
300130011003,856,851,5,30,013,5,0,0,0,0,0
300130012012,1448,1174,274,30,013,13,75,25,0,43,118
300130016001,1206,977,229,30,013,109,0,0,0,10,110
300130016003,650,479,171,30,013,68,0,53,0,0,50
300130017001,453,439,14,30,013,6,0,0,0,0,8
300130018001,944,869,75,30,013,3,0,0,0,0,72
300130018004,1787,1424,363,30,013,163,0,114,0,0,86
300130019003,2514,2402,112,30,013,48,0,0,0,12,52
300130021003,1785,1461,324,30,013,121,42,120,0,29,12
300130022012,1870,1773,97,30,013,82,0,0,0,0,15
300130022022,1656,1441,215,30,013,109,20,0,2,0,84
300130023012,1665,1645,20,30,013,0,0,0,0,0,20
300130101001,1717,1620,97,30,013,41,15,0,0,0,41
300130104001,780,677,103,30,013,7,3,14,0,5,74
300130106001,1093,1057,36,30,013,0,0,0,0,0,36
300130106004,1007,996,11,30,013,7,0,0,0,0,4
300179615001,627,598,29,30,017,29,0,0,0,0,0
300179616002,899,793,106,30,017,32,0,0,16,14,44
300179618002,596,562,34,30,017,3,0,0,0,0,31
300179620001,398,385,13,30,017,0,8,0,0,0,5
300179620003,797,797,0,30,017,0,0,0,0,0,0
300210001001,883,844,39,30,021,12,0,0,0,0,27
300210002002,850,724,126,30,021,51,0,0,0,0,75
300210003002,439,435,4,30,021,0,0,0,0,0,4
300210003005,926,889,37,30,021,0,37,0,0,0,0
300230003002,560,523,37,30,023,37,0,0,0,0,0
300230004002,776,720,56,30,023,0,0,23,0,0,33
300230005001,872,703,169,30,023,48,0,0,15,8,98
300230005004,635,635,0,30,023,0,0,0,0,0,0
300250001003,774,682,92,30,025,32,1,30,0,3,26
300270301003,1174,1140,34,30,027,31,0,0,0,0,3
300270302012,1300,1206,94,30,027,0,71,0,8,0,15
300270302022,1085,1067,18,30,027,1,0,16,0,0,1
300290003011,863,863,0,30,029,0,0,0,0,0,0
300290003021,717,717,0,30,029,0,0,0,0,0,0
300290004022,1665,1645,20,30,029,19,1,0,0,0,0
300290006022,1769,1692,77,30,029,0,0,17,0,0,60
300290004031,1235,1194,41,30,029,0,0,0,0,41,0
300290004042,783,626,157,30,029,45,0,38,0,0,74
300290006012,1783,1663,120,30,029,85,0,35,0,0,0
300290007002,1134,1033,101,30,029,0,0,0,0,0,101
300290007005,2028,2028,0,30,029,0,0,0,0,0,0
300290008021,2223,2178,45,30,029,0,0,30,0,0,15
300290008024,1073,1025,48,30,029,13,0,0,0,0,35
300290009022,448,256,192,30,029,86,0,0,0,106,0
300290009032,1136,1136,0,30,029,0,0,0,0,0,0
300290010002,759,735,24,30,029,7,0,9,0,0,8
300290011021,880,812,68,30,029,41,0,0,0,27,0
300290011024,717,703,14,30,029,0,0,0,0,0,14
300290014011,1630,1626,4,30,029,4,0,0,0,0,0
300290014021,958,956,2,30,029,0,0,2,0,0,0
300290017011,1924,1846,78,30,029,0,0,29,0,42,7
300290017021,1910,1709,201,30,029,60,0,33,0,12,96
300290017033,1116,1116,0,30,029,0,0,0,0,0,0
300310001013,968,905,63,30,031,0,0,0,0,32,31
300310001042,2162,2091,71,30,031,25,0,13,0,0,33
300310001053,2045,2022,23,30,031,0,0,0,0,16,7
300310002013,1764,1611,153,30,031,153,0,0,0,0,0
300310003002,725,718,7,30,031,0,0,7,0,0,0
300310004002,971,950,21,30,031,0,0,0,0,0,21
300310004004,1074,1018,56,30,031,21,0,0,0,0,35
300310005023,1871,1660,211,30,031,0,0,128,0,24,59
300310005042,1300,1240,60,30,031,3,0,0,0,0,57
300310005053,1552,1552,0,30,031,0,0,0,0,0,0
300310005063,1582,1454,128,30,031,0,2,27,0,0,99
300310009001,1501,1405,96,30,031,0,0,65,0,0,31
300310010011,1486,1378,108,30,031,1,1,17,0,5,84
300310010022,621,572,49,30,031,0,0,48,0,1,0
300310011011,1151,675,476,30,031,25,62,217,0,80,92
300310011021,2678,2333,345,30,031,29,8,105,0,25,178
300310012002,818,786,32,30,031,14,0,5,0,0,13
300310015001,533,526,7,30,031,0,0,0,0,0,7
300310016001,834,752,82,30,031,0,7,11,0,0,64
300310017001,1471,1388,83,30,031,0,0,25,0,0,58
300310017003,1681,1599,82,30,031,0,6,33,0,15,28
300359402002,996,22,974,30,035,885,0,0,4,0,85
300359404001,1462,775,687,30,035,540,0,41,22,59,25
300399617011,1344,1289,55,30,039,18,7,4,0,0,26
300359404004,791,145,646,30,035,622,20,2,0,0,2
300359760002,438,243,195,30,035,154,18,2,0,0,21
300359760005,1053,853,200,30,035,157,0,0,0,0,43
300439622011,2415,2333,82,30,043,0,0,1,0,0,81
300439622022,1014,967,47,30,043,20,0,0,0,0,27
300439623002,970,970,0,30,043,0,0,0,0,0,0
300450001001,836,772,64,30,045,10,0,0,0,0,54
300470001002,509,495,14,30,047,0,0,0,0,0,14
300479403041,836,660,176,30,047,151,0,0,0,0,25
300479403052,678,579,99,30,047,84,0,0,15,0,0
300479403062,1708,1108,600,30,047,514,0,0,0,11,75
300479403073,1408,1221,187,30,047,158,0,0,20,0,9
300479404002,2043,671,1372,30,047,1060,24,0,0,0,288
300479405002,1082,584,498,30,047,361,5,17,0,12,103
300479406001,1335,924,411,30,047,309,0,22,0,0,80
300479406004,987,772,215,30,047,111,3,15,0,8,78
300490001001,609,604,5,30,049,2,0,2,0,0,1
300490002001,1225,1161,64,30,049,18,3,0,0,16,27
300490003001,453,442,11,30,049,4,0,0,0,0,7
300490006002,1219,1210,9,30,049,5,0,0,0,0,4
300490007021,1063,1008,55,30,049,0,0,0,0,0,55
300490007024,1086,1045,41,30,049,0,1,1,0,1,38
300490008002,1292,1244,48,30,049,0,0,0,0,0,48
300490009001,743,733,10,30,049,0,0,0,0,1,9
300490009004,1107,1074,33,30,049,0,33,0,0,0,0
300490010002,636,613,23,30,049,0,0,0,0,0,23
300490011011,1109,1064,45,30,049,21,0,0,0,0,24
300490011023,2288,2125,163,30,049,0,0,70,0,0,93
300490012013,2239,2214,25,30,049,0,0,0,0,25,0
300490012021,1596,1406,190,30,049,8,0,0,0,31,151
300510501001,784,784,0,30,051,0,0,0,0,0,0
300530001001,738,706,32,30,053,3,1,0,1,0,27
300530002001,497,379,118,30,053,66,0,0,0,0,52
300530003001,752,730,22,30,053,0,0,18,0,0,4
300570001021,1768,1676,92,30,057,0,0,0,0,0,92
300570002003,1053,1010,43,30,057,0,0,0,0,0,43
300590001001,420,355,65,30,059,0,0,0,0,61,4
300619645001,1043,976,67,30,061,1,0,11,0,0,55
300619646002,803,752,51,30,061,8,23,0,0,3,17
300630001002,1612,1424,188,30,063,1,0,70,0,0,117
300630002052,2533,2222,311,30,063,0,0,0,0,226,85
300630001005,1968,1787,181,30,063,0,0,34,0,0,147
300630002032,1885,1812,73,30,063,41,0,0,0,0,32
300630002042,1026,771,255,30,063,178,0,0,3,0,74
300630002061,1328,1328,0,30,063,0,0,0,0,0,0
300630002064,1277,1169,108,30,063,11,0,21,0,3,73
300630004001,1260,1140,120,30,063,44,0,0,0,2,74
300630005011,1512,1286,226,30,063,80,0,18,0,0,128
300630005022,2288,2098,190,30,063,59,14,57,3,0,57
300630007003,1010,921,89,30,063,0,0,66,0,0,23
300630010021,2092,1650,442,30,063,26,300,0,0,0,116
300630011003,1326,1001,325,30,063,188,0,30,0,10,97
300630012003,907,870,37,30,063,15,22,0,0,0,0
300630013022,1076,1005,71,30,063,0,35,22,0,0,14
300630013025,1189,1168,21,30,063,0,0,0,0,0,21
300630013033,955,846,109,30,063,77,8,0,0,21,3
300630013042,2791,2759,32,30,063,2,17,0,0,0,13
300630013045,2125,1557,568,30,063,0,0,209,0,0,359
300630014013,458,366,92,30,063,19,0,5,0,0,68
300630014022,2263,1973,290,30,063,41,11,50,0,36,152
300630015022,1755,1541,214,30,063,0,0,182,0,0,32
300630016012,2223,1912,311,30,063,95,1,0,0,0,215
300630018011,815,724,91,30,063,0,0,0,0,0,91
300630018022,1021,949,72,30,063,2,0,17,0,31,22
300650001001,917,893,24,30,065,19,0,0,0,5,0
300670004005,881,760,121,30,067,0,0,8,0,17,96
300670005002,819,733,86,30,067,0,9,0,0,12,65
300710602001,977,860,117,30,071,15,0,0,0,15,87
300710602004,932,830,102,30,071,55,0,0,0,0,47
300739770002,608,597,11,30,073,0,2,0,0,0,9
300739770005,966,938,28,30,073,18,0,0,0,0,10
300750001001,946,872,74,30,075,32,0,0,0,4,38
300770001002,513,502,11,30,077,8,0,0,0,0,3
300770002003,855,846,9,30,077,0,0,0,0,0,9
300770002006,1537,1084,453,30,077,352,17,0,0,14,70
300810001002,918,720,198,30,081,13,0,56,0,6,123
300810002011,969,945,24,30,081,18,0,0,0,0,6
300810002014,913,857,56,30,081,56,0,0,0,0,0
300810002042,1254,1254,0,30,081,0,0,0,0,0,0
300810003002,1608,1573,35,30,081,25,0,0,0,10,0
300810004021,927,910,17,30,081,0,13,4,0,0,0
300830701001,1594,1434,160,30,083,19,0,1,0,21,119
300859400012,1016,60,956,30,085,851,0,0,0,0,105
300830703012,1634,1412,222,30,083,0,0,0,44,178,0
300830704001,1124,1114,10,30,083,0,0,0,0,0,10
300850801001,1010,807,203,30,085,181,0,0,0,0,22
300859400015,955,331,624,30,085,486,14,11,0,0,113
300859400023,1614,33,1581,30,085,1577,0,0,0,4,0
300870002001,659,655,4,30,087,0,0,0,0,0,4
300870003002,1119,842,277,30,087,192,0,61,0,0,24
300879404002,1006,123,883,30,087,827,15,0,0,0,41
300890001003,593,583,10,30,089,2,0,0,0,0,8
300890002021,1397,1320,77,30,089,22,0,2,0,0,53
300890002024,489,489,0,30,089,0,0,0,0,0,0
300910902001,603,561,42,30,091,3,0,0,0,0,39
300910904001,1179,1099,80,30,091,4,0,1,0,7,68
300930001021,645,611,34,30,093,19,0,0,0,0,15
300930005003,967,846,121,30,093,0,0,0,0,0,121
300930005006,492,492,0,30,093,0,0,0,0,0,0
300930006003,473,473,0,30,093,0,0,0,0,0,0
300930006006,731,731,0,30,093,0,0,0,0,0,0
300930007002,1039,1039,0,30,093,0,0,0,0,0,0
300930008002,990,978,12,30,093,1,0,0,8,1,2
300930008005,1206,1130,76,30,093,29,2,29,0,7,9
300959664003,1678,1605,73,30,095,28,0,1,0,0,44
300959666001,2474,2422,52,30,095,0,6,0,0,16,30
300979670002,457,428,29,30,097,0,0,0,0,0,29
300979670005,840,840,0,30,097,0,0,0,0,0,0
300990002001,789,730,59,30,099,29,0,0,0,0,30
300990003002,1344,1275,69,30,099,8,0,0,0,0,61
301010001002,614,566,48,30,101,14,0,0,0,13,21
301010002003,488,474,14,30,101,0,0,0,0,0,14
301019800001,527,360,167,30,101,120,25,0,0,0,22
301110003002,838,694,144,30,111,80,0,0,45,4,15
301110003004,1462,1013,449,30,111,176,0,0,0,192,81
301110004021,712,516,196,30,111,67,0,0,0,0,129
301110005001,1228,1157,71,30,111,23,0,0,0,0,48
301110005004,723,668,55,30,111,55,0,0,0,0,0
301110006003,514,485,29,30,111,0,0,0,6,0,23
301110007013,1214,1154,60,30,111,50,0,0,0,0,10
301110007043,1183,1088,95,30,111,5,18,0,0,72,0
301110007053,1360,1310,50,30,111,22,0,0,0,0,28
301110007063,362,265,97,30,111,0,1,0,0,0,96
301110009013,2042,1964,78,30,111,46,1,0,0,0,31
301110007072,1799,1664,135,30,111,15,0,0,0,51,69
301110007081,2286,1979,307,30,111,105,11,0,0,0,191
301110008003,1868,1675,193,30,111,96,0,0,0,0,97
301110009023,657,533,124,30,111,84,0,0,0,0,40
301110010001,1410,1130,280,30,111,44,101,0,0,100,35
301110014021,1429,1322,107,30,111,7,0,0,0,10,90
301110014024,3020,2798,222,30,111,147,0,0,0,48,27
301110014032,3321,3051,270,30,111,119,0,0,0,67,84
301110014042,1512,1466,46,30,111,11,0,0,0,0,35
301110015011,2473,2394,79,30,111,20,0,2,0,9,48
301110015021,1871,1684,187,30,111,99,0,0,0,17,71
301110017021,999,740,259,30,111,170,0,0,31,0,58
301110017024,1237,1224,13,30,111,13,0,0,0,0,0
301110017033,1949,1925,24,30,111,0,0,9,0,0,15
301110017043,549,549,0,30,111,0,0,0,0,0,0
301110018012,2964,2794,170,30,111,151,0,0,0,0,19
301110018032,1016,851,165,30,111,128,0,11,0,0,26
301110018043,696,651,45,30,111,0,45,0,0,0,0
301110018061,875,860,15,30,111,14,1,0,0,0,0
301110019012,846,846,0,30,111,0,0,0,0,0,0
300010001001,630,584,46,30,001,6,0,0,0,15,25
300010001002,617,570,47,30,001,0,0,0,0,18,29
300010002001,1034,1013,21,30,001,0,0,0,0,0,21
300010002002,980,828,152,30,001,112,0,0,19,21,0
300010002003,672,671,1,30,001,0,0,1,0,0,0
300010002004,948,872,76,30,001,6,0,0,0,4,66
300010003001,1064,1064,0,30,001,0,0,0,0,0,0
300010003003,1240,1176,64,30,001,40,0,0,0,0,24
300010003004,1482,1326,156,30,001,34,6,13,3,0,100
300030001002,1805,624,1181,30,003,876,0,14,0,35,256
300030001003,1200,394,806,30,003,806,0,0,0,0,0
300039404001,1883,255,1628,30,003,1564,0,0,0,0,64
300039405001,713,414,299,30,003,237,0,0,0,0,62
300039406001,1530,142,1388,30,003,1331,0,0,0,0,57
300039406002,1795,172,1623,30,003,1608,0,0,0,0,15
300039407002,924,53,871,30,003,860,0,0,0,0,11
300050001001,1359,843,516,30,005,408,0,6,0,22,80
300050002002,1329,1199,130,30,005,84,19,0,0,20,7
300059401001,1629,50,1579,30,005,1562,0,0,0,0,17
300059402002,896,11,885,30,005,885,0,0,0,0,0
300070001002,1066,1026,40,30,007,4,0,0,0,9,27
300070002001,1486,1343,143,30,007,17,0,0,0,0,126
301110018051,2020,1915,105,30,111,3,0,95,0,0,7
301110018031,939,867,72,30,111,9,7,0,0,1,55
301110018041,632,620,12,30,111,0,0,0,0,2,10
301110018042,1286,1171,115,30,111,34,0,0,0,0,81
301110018052,2067,1810,257,30,111,6,0,73,0,0,178
301110018062,1125,1044,81,30,111,0,6,9,0,0,66
301110019011,1728,1722,6,30,111,0,0,0,0,0,6
301110019013,1291,1267,24,30,111,8,0,0,0,16,0
301110019014,570,570,0,30,111,0,0,0,0,0,0
301110019021,1595,1467,128,30,111,21,0,10,0,0,97
301110019022,1618,1396,222,30,111,6,0,0,0,0,216
301110019023,1487,1329,158,30,111,54,0,75,0,0,29
301119400011,1811,1261,550,30,111,342,0,0,0,1,207
301119400012,2116,2027,89,30,111,15,69,0,0,5,0
301119400013,1349,1273,76,30,111,0,16,0,0,1,59
301119400021,2324,2307,17,30,111,17,0,0,0,0,0
301119400022,1072,1031,41,30,111,41,0,0,0,0,0
300090002001,938,920,18,30,009,5,0,0,0,0,13
300070002003,907,907,0,30,007,0,0,0,0,0,0
300090001001,728,672,56,30,009,23,14,0,0,19,0
300090001003,1415,1382,33,30,009,8,11,0,0,0,14
300090003001,1017,972,45,30,009,0,23,22,0,0,0
300090003002,317,306,11,30,009,11,0,0,0,0,0
300090004001,1327,1310,17,30,009,0,0,0,11,6,0
300090004002,538,497,41,30,009,0,2,0,0,0,39
300090005001,1391,1343,48,30,009,18,0,0,0,0,30
300110003002,552,552,0,30,011,0,0,0,0,0,0
300130001001,1764,1618,146,30,013,22,49,0,0,5,70
300130002001,1068,1001,67,30,013,1,0,14,0,0,52
300130002002,1266,1242,24,30,013,6,0,0,0,0,18
300130003001,777,564,213,30,013,66,32,0,0,0,115
300130003002,1300,981,319,30,013,39,0,0,13,169,98
300130003004,817,743,74,30,013,11,0,0,0,0,63
300130004001,1239,1055,184,30,013,135,0,0,0,0,49
300130004002,732,669,63,30,013,26,23,0,0,0,14
300130007001,1136,915,221,30,013,133,0,5,0,0,83
300130007002,1060,837,223,30,013,112,18,7,0,14,72
300130008001,820,524,296,30,013,92,149,0,0,5,50
300130008002,632,535,97,30,013,41,0,7,9,0,40
300130009001,819,737,82,30,013,25,0,0,0,20,37
300130009002,574,494,80,30,013,69,0,0,0,0,11
300130009003,921,408,513,30,013,383,0,0,0,97,33
300130009004,851,826,25,30,013,11,0,1,0,3,10
300130010001,1254,994,260,30,013,118,0,0,0,0,142
300130010002,628,584,44,30,013,25,0,0,0,0,19
300130010003,633,607,26,30,013,1,0,0,0,1,24
300130011001,866,749,117,30,013,6,22,15,0,1,73
300130011002,1155,1010,145,30,013,0,0,0,0,123,22
300130011004,1422,1246,176,30,013,23,107,0,0,16,30
300130012011,318,160,158,30,013,0,101,0,0,0,57
300130012021,920,742,178,30,013,0,62,0,0,50,66
300130012022,1298,974,324,30,013,47,138,12,0,9,118
300130016002,832,655,177,30,013,29,26,0,0,0,122
300130016004,928,760,168,30,013,0,0,76,0,27,65
300130016005,901,715,186,30,013,186,0,0,0,0,0
300130017002,802,709,93,30,013,0,0,0,0,0,93
300130017003,787,754,33,30,013,0,0,5,0,0,28
300130018002,501,472,29,30,013,9,0,0,0,0,20
300130018003,454,441,13,30,013,13,0,0,0,0,0
300130021002,1167,940,227,30,013,186,0,0,0,0,41
300130019001,1141,1141,0,30,013,0,0,0,0,0,0
300130019002,2332,2246,86,30,013,0,0,0,0,12,74
300130021001,1008,941,67,30,013,67,0,0,0,0,0
300130021004,694,561,133,30,013,43,8,1,8,6,67
300130022011,1017,889,128,30,013,42,0,0,0,0,86
300130022021,841,722,119,30,013,4,0,0,0,115,0
300130022023,1318,862,456,30,013,36,102,0,18,0,300
300130023011,2609,2283,326,30,013,0,0,0,0,303,23
300130023013,987,987,0,30,013,0,0,0,0,0,0
300130023021,2516,2269,247,30,013,17,0,104,7,0,119
300130101002,836,705,131,30,013,92,0,0,0,0,39
300130101003,1232,1076,156,30,013,0,84,16,0,0,56
300130104002,294,294,0,30,013,0,0,0,0,0,0
300130104003,684,675,9,30,013,0,5,0,0,0,4
300130106002,975,886,89,30,013,10,0,0,0,48,31
300130106003,782,743,39,30,013,39,0,0,0,0,0
300130107001,1579,1308,271,30,013,181,50,9,0,0,31
300130107002,1290,1146,144,30,013,35,6,10,0,0,93
300130107003,1253,1146,107,30,013,14,0,0,0,62,31
300130108001,930,824,106,30,013,13,0,0,0,0,93
300130108002,993,791,202,30,013,61,35,0,0,10,96
300130108003,746,499,247,30,013,63,11,74,0,0,99
300150102001,762,748,14,30,015,0,0,0,0,0,14
300150102002,1410,1308,102,30,015,5,0,6,0,0,91
300150103001,622,509,113,30,015,32,0,24,0,0,57
300150103002,1243,1227,16,30,015,3,0,3,1,0,9
300150103003,641,594,47,30,015,0,14,0,0,10,23
300150103004,1053,50,1003,30,015,1003,0,0,0,0,0
300179613001,1058,1041,17,30,017,7,0,3,0,4,3
300179613002,935,896,39,30,017,0,0,0,0,12,27
300179615002,921,921,0,30,017,0,0,0,0,0,0
300179616001,1075,906,169,30,017,23,0,9,6,11,120
300179616003,370,367,3,30,017,0,0,0,0,0,3
300179618001,805,805,0,30,017,0,0,0,0,0,0
300179619001,1261,1124,137,30,017,0,0,12,0,0,125
300179619002,862,809,53,30,017,12,0,34,0,0,7
300179620002,959,813,146,30,017,7,72,0,0,38,29
300190203001,531,497,34,30,019,17,0,9,0,0,8
300190203002,1174,1097,77,30,019,39,0,6,0,0,32
300210001002,430,410,20,30,021,10,0,1,0,6,3
300210002001,637,576,61,30,021,0,0,0,0,0,61
300210003004,881,836,45,30,021,5,3,0,0,37,0
300210002003,979,928,51,30,021,4,0,23,0,0,24
300210003001,1994,1904,90,30,021,37,4,0,0,17,32
300210003003,805,805,0,30,021,0,0,0,0,0,0
300230003001,1358,1219,139,30,023,3,76,0,0,0,60
300230003003,1059,947,112,30,023,17,0,0,0,30,65
300230004001,840,803,37,30,023,0,0,25,0,12,0
300230004003,843,780,63,30,023,0,0,0,0,0,63
300230004004,596,596,0,30,023,0,0,0,0,0,0
300230005002,1128,1045,83,30,023,19,9,3,0,10,42
300230005003,486,422,64,30,023,0,51,0,0,0,13
300250001001,822,807,15,30,025,1,0,0,0,0,14
300250001002,1379,1311,68,30,025,68,0,0,0,0,0
300270301001,1068,1013,55,30,027,43,0,0,0,0,12
300270301002,1290,1223,67,30,027,13,4,0,0,4,46
300270301004,1289,1219,70,30,027,8,0,33,0,0,29
300270302011,767,688,79,30,027,79,0,0,0,0,0
300270302013,1108,1067,41,30,027,7,1,0,0,5,28
300270302021,1204,1117,87,30,027,0,4,79,0,4,0
300270302023,882,742,140,30,027,0,0,39,0,86,15
300290001011,487,471,16,30,029,0,0,0,0,0,16
300290001012,372,310,62,30,029,35,27,0,0,0,0
300290001021,1982,1815,167,30,029,107,0,0,0,0,60
300290002011,1017,966,51,30,029,0,0,0,0,15,36
300290002012,2031,1988,43,30,029,10,0,0,0,0,33
300290002013,1443,1289,154,30,029,0,0,0,0,0,154
300290002014,589,589,0,30,029,0,0,0,0,0,0
300290002021,1715,1400,315,30,029,228,48,0,0,37,2
300290002022,1425,1417,8,30,029,0,0,0,0,0,8
300290002031,1143,1126,17,30,029,0,0,0,0,0,17
300290002032,988,941,47,30,029,47,0,0,0,0,0
300290002033,615,525,90,30,029,21,0,7,0,8,54
300290002034,2342,2307,35,30,029,17,0,17,0,0,1
300290003012,1250,1233,17,30,029,17,0,0,0,0,0
300290003013,1207,1153,54,30,029,0,0,0,0,0,54
300290003022,525,525,0,30,029,0,0,0,0,0,0
300290004021,1260,1046,214,30,029,77,0,0,0,32,105
300290004023,550,545,5,30,029,5,0,0,0,0,0
300290004032,963,919,44,30,029,0,0,0,0,0,44
300290004041,1610,1529,81,30,029,3,0,0,0,0,78
300290004043,1159,1159,0,30,029,0,0,0,0,0,0
300290006011,1993,1953,40,30,029,0,0,0,0,9,31
300290007001,598,598,0,30,029,0,0,0,0,0,0
300290006013,920,806,114,30,029,67,0,15,0,0,32
300290006021,1136,1053,83,30,029,0,0,23,0,14,46
300290006023,1164,1009,155,30,029,23,0,4,3,16,109
300290007003,2037,1773,264,30,029,181,0,0,10,0,73
300290007004,795,759,36,30,029,0,0,11,0,0,25
300290008011,1485,1431,54,30,029,0,0,33,0,0,21
300290008012,1460,1345,115,30,029,2,1,18,0,38,56
300290008022,1345,1218,127,30,029,0,0,0,0,0,127
300290008023,1603,1434,169,30,029,96,0,60,0,0,13
300290009011,1824,1537,287,30,029,30,102,90,0,0,65
300290009021,1922,1789,133,30,029,0,0,0,0,0,133
300290009031,1046,1017,29,30,029,0,0,0,0,0,29
300290009033,1024,708,316,30,029,0,26,17,0,0,273
300290010001,1308,1244,64,30,029,14,0,7,0,4,39
300290011011,1684,1366,318,30,029,8,64,16,0,0,230
300290011012,1494,1473,21,30,029,21,0,0,0,0,0
300290011022,1077,960,117,30,029,0,49,0,0,0,68
300290011023,1017,1017,0,30,029,0,0,0,0,0,0
300290012011,738,638,100,30,029,0,0,0,0,0,100
300290012012,1939,1893,46,30,029,0,0,17,0,0,29
300290012021,3037,2930,107,30,029,31,0,21,0,0,55
300290012022,1035,1002,33,30,029,27,0,3,0,3,0
300290012023,906,865,41,30,029,8,0,33,0,0,0
300290013031,1090,1038,52,30,029,28,0,0,0,0,24
300290013032,1047,1010,37,30,029,7,5,0,0,0,25
300290013041,910,568,342,30,029,0,0,0,0,92,250
300290013042,206,193,13,30,029,0,0,13,0,0,0
300290013043,587,587,0,30,029,0,0,0,0,0,0
300290013051,645,587,58,30,029,7,28,0,0,9,14
300290013052,1130,1081,49,30,029,0,0,0,0,0,49
300290013061,1069,999,70,30,029,0,70,0,0,0,0
300290013062,1143,1107,36,30,029,1,0,9,0,3,23
300290013063,1073,1038,35,30,029,20,0,4,0,0,11
300290013064,1162,1128,34,30,029,0,0,31,0,0,3
300290014012,969,921,48,30,029,0,48,0,0,0,0
300290014022,713,689,24,30,029,0,0,0,0,0,24
300290014023,669,669,0,30,029,0,0,0,0,0,0
300290017012,1170,1037,133,30,029,56,0,12,0,0,65
300290017013,1594,1547,47,30,029,0,3,0,0,3,41
300290017031,809,756,53,30,029,7,0,4,0,0,42
300310001014,1756,1746,10,30,031,0,0,0,0,0,10
300290017032,4,4,0,30,029,0,0,0,0,0,0
300310001011,2120,1995,125,30,031,0,0,69,0,27,29
300310001012,885,885,0,30,031,0,0,0,0,0,0
300310001041,957,944,13,30,031,13,0,0,0,0,0
300310001051,1408,1207,201,30,031,55,0,0,0,146,0
300310001052,1805,1645,160,30,031,103,0,0,0,0,57
300310002011,1599,1373,226,30,031,0,0,0,0,188,38
300310002012,3238,3144,94,30,031,0,0,0,0,94,0
300310002021,5631,5167,464,30,031,0,24,0,0,31,409
300310003001,1301,1294,7,30,031,0,0,0,0,0,7
300310003003,1461,1447,14,30,031,0,0,0,0,0,14
300310004001,2376,2315,61,30,031,22,0,19,0,5,15
300310004003,1241,1196,45,30,031,12,0,0,0,3,30
300310005021,2054,1991,63,30,031,12,0,9,0,4,38
300310005022,1968,1967,1,30,031,1,0,0,0,0,0
300310005024,1813,1626,187,30,031,0,31,0,0,0,156
300310005041,1882,1770,112,30,031,0,1,7,0,16,88
300310005051,1118,1118,0,30,031,0,0,0,0,0,0
300310005052,2919,2812,107,30,031,36,0,0,0,0,71
300310005061,2162,2108,54,30,031,0,0,0,0,0,54
300310005062,2628,2519,109,30,031,0,43,0,0,0,66
300310005071,1992,1937,55,30,031,0,0,0,0,13,42
300310005072,1481,1119,362,30,031,0,0,57,0,0,305
300310006001,1050,811,239,30,031,175,32,0,0,0,32
300310006002,1582,1246,336,30,031,10,0,114,0,1,211
300310007011,1117,1048,69,30,031,0,0,45,0,0,24
300310007012,1230,1135,95,30,031,0,0,20,0,0,75
300310007013,653,519,134,30,031,0,0,0,0,0,134
300310007014,1251,1218,33,30,031,1,0,0,0,11,21
300310007031,1134,1018,116,30,031,33,0,0,0,83,0
300310007032,822,738,84,30,031,0,49,35,0,0,0
300310007041,1330,1296,34,30,031,0,25,0,0,0,9
300310007042,631,521,110,30,031,69,0,31,0,10,0
300310007043,1584,1584,0,30,031,0,0,0,0,0,0
300310008001,1030,964,66,30,031,12,0,40,0,0,14
300310008002,746,697,49,30,031,0,0,19,0,0,30
300310008003,567,558,9,30,031,0,0,9,0,0,0
300310009002,1226,1092,134,30,031,16,4,6,0,0,108
300310009003,1527,1229,298,30,031,86,0,55,0,0,157
300310010012,1748,1642,106,30,031,23,0,28,0,34,21
300310011012,765,728,37,30,031,0,9,4,0,9,15
300310010021,1236,1180,56,30,031,0,0,0,0,0,56
300310010023,1307,1270,37,30,031,0,0,0,0,0,37
300310010024,1483,1483,0,30,031,0,0,0,0,0,0
300310011013,3542,3283,259,30,031,23,35,72,5,12,112
300310011022,1365,1115,250,30,031,26,120,27,0,25,52
300310012001,839,797,42,30,031,0,0,4,0,0,38
300310012003,2201,2201,0,30,031,0,0,0,0,0,0
300310012004,616,483,133,30,031,0,0,7,0,9,117
300310015002,473,306,167,30,031,0,0,25,0,0,142
300310015003,617,617,0,30,031,0,0,0,0,0,0
300310016002,1052,1052,0,30,031,0,0,0,0,0,0
300310016003,1036,993,43,30,031,30,0,13,0,0,0
300310017002,1058,1027,31,30,031,2,0,0,0,7,22
300330001001,1051,1045,6,30,033,0,6,0,0,0,0
300359402001,2705,108,2597,30,035,2472,14,0,0,94,17
300359402003,634,18,616,30,035,606,0,0,0,0,10
300359402004,1158,35,1123,30,035,1123,0,0,0,0,0
300359404002,713,102,611,30,035,611,0,0,0,0,0
300359404003,589,134,455,30,035,455,0,0,0,0,0
300359404005,693,81,612,30,035,542,0,0,10,0,60
300359760001,614,507,107,30,035,96,0,0,0,0,11
300359760003,594,396,198,30,035,156,0,0,0,1,41
300359760004,1104,674,430,30,035,334,0,0,0,0,96
300359800001,162,102,60,30,035,56,0,0,0,4,0
300370001001,814,732,82,30,037,7,12,0,0,0,63
300399617021,1003,964,39,30,039,6,0,0,0,0,33
300399617022,978,924,54,30,039,10,0,7,0,0,37
300410401001,1200,1145,55,30,041,3,0,0,0,29,23
300410402001,1703,1406,297,30,041,84,0,0,0,125,88
300410403001,907,651,256,30,041,193,0,21,0,0,42
300410403002,1461,877,584,30,041,502,0,0,0,0,82
300410403003,327,238,89,30,041,45,0,0,0,21,23
300410403004,893,781,112,30,041,40,17,0,0,0,55
300410404001,1915,1527,388,30,041,277,0,0,0,0,111
300410404002,699,648,51,30,041,16,0,0,0,4,31
300410404003,1273,1116,157,30,041,90,17,0,4,5,41
300410404004,734,657,77,30,041,5,0,66,0,0,6
300410405001,927,881,46,30,041,29,1,0,0,0,16
300410405002,651,577,74,30,041,42,0,0,0,0,32
300410405003,936,861,75,30,041,2,0,0,0,0,73
300419403001,2796,64,2732,30,041,2633,33,0,0,0,66
300439623001,1247,1162,85,30,043,0,62,0,0,1,22
300439622012,1841,1541,300,30,043,20,14,7,0,145,114
300439622021,1774,1734,40,30,043,6,6,0,0,0,28
300439622023,1291,1170,121,30,043,43,0,0,0,0,78
300439623003,700,668,32,30,043,2,0,0,0,0,30
300439623004,817,783,34,30,043,31,0,0,0,0,3
300450001002,1132,1084,48,30,045,36,0,0,0,0,12
300470001001,878,745,133,30,047,0,13,29,0,9,82
300470002001,1019,976,43,30,047,0,0,0,0,0,43
300470002002,695,572,123,30,047,0,0,4,3,19,97
300479403042,1350,1000,350,30,047,241,0,0,0,9,100
300479403051,894,707,187,30,047,106,0,0,0,0,81
300479403053,1421,1108,313,30,047,117,0,16,0,13,167
300479403061,1114,736,378,30,047,150,18,36,0,0,174
300479403071,665,565,100,30,047,100,0,0,0,0,0
300479403072,1782,1054,728,30,047,514,24,0,0,27,163
300479404001,875,650,225,30,047,180,3,0,0,0,42
300479404003,1003,716,287,30,047,113,0,0,0,0,174
300479405001,1001,822,179,30,047,129,0,0,0,7,43
300479405003,1250,491,759,30,047,645,0,0,0,0,114
300479405004,1151,649,502,30,047,322,9,19,0,4,148
300479406002,1248,532,716,30,047,598,0,0,3,3,112
300479406003,1164,676,488,30,047,362,0,0,14,0,112
300479407001,959,620,339,30,047,243,1,0,0,24,71
300479407002,1328,599,729,30,047,542,0,0,0,0,187
300490001002,820,734,86,30,049,12,0,0,0,1,73
300490001003,355,320,35,30,049,7,0,0,0,0,28
300490002002,820,671,149,30,049,80,0,7,0,13,49
300490002003,3488,3292,196,30,049,54,0,26,0,97,19
300490003002,1337,1302,35,30,049,10,7,0,0,0,18
300490003003,542,496,46,30,049,37,9,0,0,0,0
300490004001,1241,1080,161,30,049,0,0,12,0,0,149
300490004002,862,796,66,30,049,0,0,2,0,0,64
300490004003,685,613,72,30,049,0,0,1,0,0,71
300490004004,1245,1225,20,30,049,0,0,11,0,0,9
300490004005,1815,1741,74,30,049,60,0,0,0,0,14
300490005011,1983,1776,207,30,049,0,11,31,0,13,152
300490005012,2310,2074,236,30,049,55,36,0,0,0,145
300490005031,2679,2579,100,30,049,58,0,0,0,0,42
300490005032,1712,1532,180,30,049,0,0,59,0,2,119
300490005041,1884,1690,194,30,049,8,0,51,0,0,135
300490007012,1525,1525,0,30,049,0,0,0,0,0,0
300490005042,1114,998,116,30,049,0,0,16,0,13,87
300490006001,1605,1495,110,30,049,30,6,8,0,0,66
300490007011,647,583,64,30,049,12,0,0,0,0,52
300490007022,665,665,0,30,049,0,0,0,0,0,0
300490007023,652,648,4,30,049,4,0,0,0,0,0
300490007025,1702,1671,31,30,049,18,0,13,0,0,0
300490008001,1315,1176,139,30,049,9,0,18,0,107,5
300490008003,1301,1209,92,30,049,14,8,15,0,8,47
300490008004,1074,866,208,30,049,146,41,1,0,0,20
300490009002,1232,875,357,30,049,47,23,0,0,188,99
300490009003,1155,1079,76,30,049,0,8,0,0,13,55
300490010001,647,635,12,30,049,0,0,0,0,0,12
300490010003,1372,1335,37,30,049,0,0,0,0,0,37
300490010004,1520,1346,174,30,049,42,10,18,0,74,30
300490011012,871,794,77,30,049,14,0,0,0,0,63
300490011021,803,703,100,30,049,0,0,24,0,0,76
300490011022,1327,1253,74,30,049,33,37,0,0,0,4
300490012011,859,841,18,30,049,0,0,0,0,0,18
300490012012,769,704,65,30,049,8,0,21,0,0,36
300490012014,1706,1608,98,30,049,21,0,7,0,34,36
300490012015,768,722,46,30,049,0,0,12,0,0,34
300490012022,1620,1550,70,30,049,0,0,6,0,0,64
300490012023,2022,1895,127,30,049,77,0,11,0,0,39
300510501002,1671,1658,13,30,051,0,0,0,0,0,13
300530001002,1203,1092,111,30,053,7,0,41,0,0,63
300530001003,1162,1160,2,30,053,0,0,2,0,0,0
300530002002,536,481,55,30,053,0,0,0,0,0,55
300530002003,1487,1362,125,30,053,14,21,0,0,46,44
300530003002,794,768,26,30,053,8,0,0,0,0,18
300530003003,890,803,87,30,053,0,0,0,0,0,87
300530003004,1134,1090,44,30,053,0,0,0,36,0,8
300530004011,1169,1084,85,30,053,0,0,0,0,0,85
300530004012,1162,1122,40,30,053,0,16,6,0,5,13
300530004013,203,203,0,30,053,0,0,0,0,0,0
300530004014,1616,1590,26,30,053,0,0,0,0,0,26
300530004021,1468,1380,88,30,053,50,0,0,0,0,38
300530004022,1418,1281,137,30,053,12,0,0,0,125,0
300530005001,1299,1232,67,30,053,17,0,0,0,0,50
300530005002,1117,1040,77,30,053,0,0,0,0,0,77
300530005003,536,438,98,30,053,8,0,4,0,0,86
300570001011,525,523,2,30,057,0,2,0,0,0,0
300530005004,664,633,31,30,053,3,0,0,0,0,28
300559540001,1282,1171,111,30,055,55,0,46,0,0,10
300559540002,544,531,13,30,055,13,0,0,0,0,0
300570001012,1123,1063,60,30,057,0,0,0,0,18,42
300570002001,786,765,21,30,057,0,0,2,0,5,14
300570002002,877,867,10,30,057,0,0,0,0,2,8
300570003001,1221,1163,58,30,057,19,0,3,0,3,33
300570003002,1177,1125,52,30,057,0,0,0,0,0,52
300590001002,638,612,26,30,059,3,0,0,0,0,23
300590001003,737,681,56,30,059,15,1,8,0,1,31
300619645002,1203,1086,117,30,061,26,18,19,0,0,54
300619646001,841,794,47,30,061,32,2,0,0,0,13
300619646003,440,440,0,30,061,0,0,0,0,0,0
300630001001,1553,1250,303,30,063,0,23,280,0,0,0
300630001003,1125,1076,49,30,063,0,0,49,0,0,0
300630001004,562,320,242,30,063,13,13,174,0,0,42
300630002031,1365,1315,50,30,063,50,0,0,0,0,0
300630002033,1368,1322,46,30,063,0,5,0,0,0,41
300630002041,1832,1621,211,30,063,0,143,22,0,0,46
300630002043,448,234,214,30,063,28,0,0,0,19,167
300630002051,1058,1058,0,30,063,0,0,0,0,0,0
300630002053,1591,1560,31,30,063,0,0,0,0,0,31
300630002054,964,964,0,30,063,0,0,0,0,0,0
300630002062,1209,1209,0,30,063,0,0,0,0,0,0
300630002063,3545,3202,343,30,063,40,0,86,16,27,174
300630003001,969,850,119,30,063,0,6,0,0,11,102
300630003002,1310,1173,137,30,063,26,16,0,0,6,89
300630004002,954,947,7,30,063,0,0,7,0,0,0
300630004003,959,845,114,30,063,90,0,15,0,0,9
300630005012,1428,1259,169,30,063,0,0,49,50,49,21
300630005021,1585,1494,91,30,063,0,0,19,0,0,72
300630007001,975,806,169,30,063,0,0,96,55,0,18
300630007002,751,669,82,30,063,17,0,0,0,0,65
300630008011,932,904,28,30,063,0,0,0,0,28,0
300630008012,1005,1005,0,30,063,0,0,0,0,0,0
300630008013,1378,1307,71,30,063,56,0,0,0,0,15
300630008021,2048,1800,248,30,063,12,0,95,0,0,141
300630008022,1784,1267,517,30,063,0,0,43,0,58,416
300630009011,1055,920,135,30,063,135,0,0,0,0,0
300630009012,1619,1598,21,30,063,0,0,0,0,0,21
300630009013,1424,1232,192,30,063,47,0,116,0,0,29
300630009022,1700,1607,93,30,063,57,0,0,0,21,15
300630009014,1805,1639,166,30,063,3,0,69,0,0,94
300630009015,762,719,43,30,063,0,0,22,0,0,21
300630009021,828,775,53,30,063,0,0,0,7,0,46
300630010011,1044,985,59,30,063,0,0,0,0,0,59
300630010012,1517,1459,58,30,063,0,0,0,0,0,58
300630010013,1018,956,62,30,063,0,0,0,0,0,62
300630011001,874,842,32,30,063,0,0,10,0,0,22
300630011002,1372,1112,260,30,063,0,0,12,0,0,248
300630012001,1024,985,39,30,063,0,0,39,0,0,0
300630012002,1265,1148,117,30,063,0,0,9,0,0,108
300630012004,1909,1614,295,30,063,0,0,21,0,0,274
300630013021,2020,1908,112,30,063,0,15,0,0,0,97
300630013023,1106,1098,8,30,063,0,0,0,0,0,8
300630013024,918,918,0,30,063,0,0,0,0,0,0
300630013031,1570,1469,101,30,063,6,15,0,0,80,0
300630013032,1711,1613,98,30,063,42,16,0,0,0,40
300630013034,810,705,105,30,063,105,0,0,0,0,0
300630013041,955,931,24,30,063,0,14,0,0,0,10
300630013043,1060,1060,0,30,063,0,0,0,0,0,0
300630013044,1169,1133,36,30,063,0,0,8,0,0,28
300630014011,1319,1232,87,30,063,2,0,10,0,0,75
300630014012,706,659,47,30,063,0,11,0,0,0,36
300630014021,1977,1822,155,30,063,45,11,0,0,12,87
300630015011,2244,2196,48,30,063,0,22,0,0,0,26
300630015021,768,713,55,30,063,7,0,4,0,0,44
300630015023,1793,1524,269,30,063,115,23,51,0,24,56
300630016011,2555,2234,321,30,063,29,19,208,0,0,65
300630016021,1389,1345,44,30,063,0,0,0,0,0,44
300630016022,1213,1213,0,30,063,0,0,0,0,0,0
300630018012,1205,594,611,30,063,576,4,0,0,0,31
300630018021,674,662,12,30,063,0,0,0,0,0,12
300630018023,378,367,11,30,063,0,5,0,0,0,6
300630018024,913,846,67,30,063,0,0,51,0,0,16
300650001002,902,871,31,30,065,0,0,0,0,0,31
300650001003,936,824,112,30,065,81,0,0,0,0,31
300650002001,829,797,32,30,065,20,0,0,0,0,12
300650002002,1098,986,112,30,065,20,0,31,0,29,32
300670001001,754,733,21,30,067,0,0,9,0,0,12
300670001002,1078,1060,18,30,067,0,0,3,0,6,9
300670002001,1086,974,112,30,067,45,0,0,0,6,61
300670003001,1468,1459,9,30,067,0,0,0,0,0,9
300670002002,698,652,46,30,067,6,0,25,0,0,15
300670002003,1979,1951,28,30,067,0,0,0,0,0,28
300670002004,901,880,21,30,067,0,0,11,0,0,10
300670003002,567,567,0,30,067,0,0,0,0,0,0
300670003003,958,915,43,30,067,10,0,9,0,0,24
300670004001,686,686,0,30,067,0,0,0,0,0,0
300670004002,1059,1059,0,30,067,0,0,0,0,0,0
300670004003,859,844,15,30,067,15,0,0,0,0,0
300670004004,1114,916,198,30,067,44,50,0,0,8,96
300670004006,872,853,19,30,067,0,0,0,0,0,19
300670005001,734,637,97,30,067,0,0,0,16,0,81
300679806001,0,0,0,30,067,0,0,0,0,0,0
300690001001,464,449,15,30,069,0,0,15,0,0,0
300710602002,1182,928,254,30,071,78,0,26,0,0,150
300710602003,941,758,183,30,071,110,0,0,0,0,73
300739770001,856,855,1,30,073,1,0,0,0,0,0
300739770003,453,437,16,30,073,2,0,1,0,13,0
300739770004,843,787,56,30,073,20,4,0,0,0,32
300739772001,931,87,844,30,073,818,0,2,0,0,24
300739772002,1254,1108,146,30,073,100,0,13,0,0,33
300750001002,688,664,24,30,075,21,0,0,0,0,3
300770001001,805,738,67,30,077,12,0,0,0,40,15
300770002001,457,418,39,30,077,0,0,0,0,0,39
300770002002,874,779,95,30,077,0,25,21,0,0,49
300770002004,887,887,0,30,077,0,0,0,0,0,0
300770002005,915,890,25,30,077,0,6,6,0,0,13
300790001001,1162,1121,41,30,079,17,0,22,0,2,0
300810001001,1744,1531,213,30,081,37,0,0,0,0,176
300810001003,1405,1384,21,30,081,0,0,9,0,0,12
300810002012,1129,1088,41,30,081,0,0,0,0,0,41
300810002013,862,843,19,30,081,0,5,0,0,0,14
300810002031,3190,3020,170,30,081,0,45,24,0,0,101
300810002041,1705,1632,73,30,081,0,0,27,0,0,46
300810002043,1843,1735,108,30,081,0,0,46,0,0,62
300810003001,1312,1058,254,30,081,0,0,0,0,0,254
300810004011,1892,1640,252,30,081,0,18,7,0,0,227
300810004012,1093,1066,27,30,081,20,0,7,0,0,0
300810004022,2453,2258,195,30,081,25,24,0,0,0,146
300810004023,861,843,18,30,081,0,0,0,0,0,18
300810004024,1726,1593,133,30,081,0,0,0,0,17,116
300810005011,1135,1101,34,30,081,0,0,4,0,0,30
300810006011,1451,1451,0,30,081,0,0,0,0,0,0
300810005021,1381,1194,187,30,081,0,0,0,0,0,187
300810005022,1458,1433,25,30,081,0,7,0,0,0,18
300810005023,2222,2094,128,30,081,35,0,18,0,0,75
300810006021,662,588,74,30,081,0,0,0,0,0,74
300810006022,1045,1035,10,30,081,0,0,10,0,0,0
300810006023,1454,1454,0,30,081,0,0,0,0,0,0
300810006024,1650,1535,115,30,081,50,1,0,0,0,64
300810007001,1338,1256,82,30,081,2,0,0,0,0,80
300810007002,760,646,114,30,081,11,1,44,0,0,58
300810008001,379,366,13,30,081,6,0,0,0,0,7
300810008002,685,671,14,30,081,0,0,0,0,5,9
300830702001,1609,1448,161,30,083,0,0,1,0,117,43
300830703011,1353,1353,0,30,083,0,0,0,0,0,0
300830703021,1814,1667,147,30,083,147,0,0,0,0,0
300830703022,242,242,0,30,083,0,0,0,0,0,0
300830704002,1027,620,407,30,083,50,0,0,0,0,357
300830704003,700,689,11,30,083,0,0,0,0,0,11
300850801002,745,636,109,30,085,44,4,0,0,3,58
300859400011,697,296,401,30,085,319,0,18,0,9,55
300859400013,1161,166,995,30,085,991,0,0,0,0,4
300859400014,1079,697,382,30,085,274,0,52,0,0,56
300859400021,1199,249,950,30,085,910,4,0,0,0,36
300859400022,1615,619,996,30,085,935,0,0,0,0,61
300870001001,691,680,11,30,087,7,0,0,0,0,4
300870001002,1425,1140,285,30,087,25,0,3,0,107,150
300870002002,635,393,242,30,087,183,0,0,0,0,59
300870003001,1216,885,331,30,087,39,0,0,0,175,117
300879404001,2314,67,2247,30,087,2232,8,0,0,0,7
300890001001,1497,1394,103,30,089,30,0,24,0,0,49
300890001002,1513,1456,57,30,089,21,7,1,0,0,28
300890002011,1083,1061,22,30,089,3,10,0,0,0,9
300890002012,926,919,7,30,089,7,0,0,0,0,0
300890002022,913,894,19,30,089,19,0,0,0,0,0
300890002023,1276,1172,104,30,089,6,14,14,0,0,70
300899403001,774,478,296,30,089,234,0,0,2,6,54
300899403002,1343,1097,246,30,089,109,0,6,0,19,112
300910902002,810,802,8,30,091,8,0,0,0,0,0
300910902003,797,738,59,30,091,1,0,15,0,0,43
300930001011,1140,1087,53,30,093,0,0,0,0,0,53
300930001012,512,363,149,30,093,70,0,0,0,0,79
300930002001,913,591,322,30,093,216,29,77,0,0,0
300930001022,1325,936,389,30,093,212,0,0,5,0,172
300930001023,827,780,47,30,093,40,0,0,0,0,7
300930001024,335,335,0,30,093,0,0,0,0,0,0
300930002002,521,521,0,30,093,0,0,0,0,0,0
300930002003,645,494,151,30,093,2,0,22,0,0,127
300930002004,1398,1376,22,30,093,1,21,0,0,0,0
300930002005,1427,1346,81,30,093,70,0,0,0,0,11
300930003001,847,837,10,30,093,0,0,0,0,0,10
300930003002,832,736,96,30,093,37,0,0,0,0,59
300930003003,1003,1001,2,30,093,2,0,0,0,0,0
300930004001,1641,1564,77,30,093,0,0,0,0,0,77
300930004002,1334,1239,95,30,093,0,5,0,0,0,90
300930004003,1113,1026,87,30,093,3,39,0,0,0,45
300930005001,464,459,5,30,093,1,0,0,0,0,4
300930005002,1074,996,78,30,093,35,0,0,0,0,43
300930005004,738,706,32,30,093,0,0,0,0,0,32
300930005005,941,934,7,30,093,0,0,0,0,7,0
300930006001,1090,1090,0,30,093,0,0,0,0,0,0
300930006002,674,641,33,30,093,4,0,0,0,29,0
300930006004,543,482,61,30,093,0,0,0,0,38,23
300930006005,764,764,0,30,093,0,0,0,0,0,0
300930007001,846,816,30,30,093,1,0,0,0,0,29
300930007003,1491,1491,0,30,093,0,0,0,0,0,0
300930008001,961,880,81,30,093,31,0,37,0,0,13
300930008003,1082,1073,9,30,093,0,0,8,0,0,1
300930008004,1871,1759,112,30,093,23,0,89,0,0,0
300959664001,2015,1863,152,30,095,23,0,1,0,8,120
300959664002,524,513,11,30,095,0,0,11,0,0,0
300959665001,1048,987,61,30,095,38,0,0,0,0,23
300959665002,1077,1049,28,30,095,15,1,5,0,0,7
300959666002,746,723,23,30,095,5,0,0,0,0,18
300979670001,796,764,32,30,097,32,0,0,0,0,0
300979670003,656,656,0,30,097,0,0,0,0,0,0
300979670004,927,838,89,30,097,15,0,9,0,0,65
300990001001,785,744,41,30,099,3,0,0,0,0,38
300990001002,1056,1009,47,30,099,9,3,0,0,2,33
300990002002,1226,1150,76,30,099,0,14,7,0,0,55
300990003001,927,831,96,30,099,17,31,0,0,0,48
301010001001,743,717,26,30,101,8,0,14,0,0,4
301010002001,661,618,43,30,101,4,0,4,0,0,35
301039635001,614,608,6,30,103,1,0,5,0,0,0
301010002002,629,508,121,30,101,121,0,0,0,0,0
301010002004,570,480,90,30,101,86,0,4,0,0,0
301010002005,580,526,54,30,101,22,0,0,0,0,32
301051001001,689,650,39,30,105,31,0,0,0,4,4
301051001002,782,728,54,30,105,12,0,0,10,4,28
301051005001,1002,922,80,30,105,25,0,0,0,0,55
301051005002,1082,998,84,30,105,11,4,0,0,0,69
301051005003,851,729,122,30,105,32,24,0,0,0,66
301059406001,753,630,123,30,105,32,0,10,0,0,81
301059406002,956,416,540,30,105,527,0,4,0,0,9
301059406003,1309,1252,57,30,105,22,2,1,0,1,31
301070001001,1188,1188,0,30,107,0,0,0,0,0,0
301070001002,950,870,80,30,107,17,0,17,0,0,46
301090001001,1037,1020,17,30,109,12,0,5,0,0,0
301110002001,1325,832,493,30,111,346,19,18,0,16,94
301110002002,1829,1331,498,30,111,277,1,0,0,23,197
301110002003,566,184,382,30,111,94,36,24,0,23,205
301110003001,569,391,178,30,111,83,34,0,0,39,22
301110003003,566,484,82,30,111,57,7,0,0,0,18
301110004011,1139,740,399,30,111,203,0,61,0,0,135
301110004012,1540,1438,102,30,111,78,0,0,2,16,6
301110004022,1172,1082,90,30,111,78,0,0,0,12,0
301110004023,949,692,257,30,111,85,44,0,0,57,71
301110005002,1266,1228,38,30,111,1,0,0,0,0,37
301110005003,1228,1147,81,30,111,17,0,22,0,0,42
301110006001,1043,964,79,30,111,8,17,39,0,0,15
301110006002,1318,1096,222,30,111,18,33,157,4,0,10
301110007011,2560,2420,140,30,111,110,0,0,0,0,30
301110007012,1560,1560,0,30,111,0,0,0,0,0,0
301110007041,999,830,169,30,111,0,0,0,0,0,169
301110007042,1301,1195,106,30,111,24,0,30,0,0,52
301110007051,1419,1065,354,30,111,57,96,0,0,4,197
301110007052,1025,907,118,30,111,40,0,6,0,15,57
301110007061,907,861,46,30,111,46,0,0,0,0,0
301110007062,1069,1069,0,30,111,0,0,0,0,0,0
301110007064,1268,1207,61,30,111,0,0,0,0,0,61
301110007071,1299,962,337,30,111,227,0,93,0,0,17
301110007073,1000,948,52,30,111,0,0,0,0,28,24
301110007074,2372,1920,452,30,111,265,0,13,0,0,174
301110008001,1468,1059,409,30,111,71,0,0,0,236,102
301110009021,1626,1402,224,30,111,141,12,0,0,43,28
301110008002,2058,1977,81,30,111,6,0,0,0,0,75
301110009011,778,720,58,30,111,18,0,0,0,0,40
301110009012,1121,794,327,30,111,115,0,18,0,43,151
301110009022,1032,774,258,30,111,114,0,0,0,50,94
301110009024,2301,1422,879,30,111,357,244,17,0,162,99
301110010002,390,370,20,30,111,0,0,0,0,0,20
301110010003,608,576,32,30,111,0,0,0,2,30,0
301110010004,1320,1040,280,30,111,126,0,154,0,0,0
301110010005,807,740,67,30,111,0,26,0,0,22,19
301110011001,1909,1462,447,30,111,331,0,46,0,0,70
301110011002,1259,1144,115,30,111,0,51,0,0,0,64
301110011003,476,443,33,30,111,0,0,0,0,0,33
301110011004,1145,936,209,30,111,0,24,0,0,0,185
301110012001,1294,1073,221,30,111,0,99,10,0,0,112
301110012002,2101,1873,228,30,111,113,26,45,0,0,44
301110013001,1656,1541,115,30,111,0,0,0,0,0,115
301110013002,1143,1082,61,30,111,0,0,0,0,0,61
301110013003,916,890,26,30,111,8,18,0,0,0,0
301110013004,1043,1037,6,30,111,0,0,6,0,0,0
301110013005,1024,849,175,30,111,0,0,36,0,0,139
301110014022,1630,1559,71,30,111,38,0,0,0,0,33
301110014023,576,576,0,30,111,0,0,0,0,0,0
301110014031,1279,1191,88,30,111,31,16,0,0,0,41
301110014033,2164,2111,53,30,111,24,0,0,0,0,29
301110014041,3676,2901,775,30,111,0,300,0,0,234,241
301110014043,1341,1325,16,30,111,4,0,3,0,0,9
301110014044,2332,2318,14,30,111,0,0,0,0,0,14
301110015012,1522,1373,149,30,111,149,0,0,0,0,0
301110015013,1106,992,114,30,111,23,0,0,0,0,91
301110015022,1645,1480,165,30,111,103,0,0,0,0,62
301110015023,2171,2163,8,30,111,0,0,0,0,8,0
301110017022,606,606,0,30,111,0,0,0,0,0,0
301110017023,991,888,103,30,111,1,0,48,0,0,54
301110017031,1493,1481,12,30,111,12,0,0,0,0,0
301110017032,1858,1607,251,30,111,15,0,0,0,18,218
301110017041,1192,848,344,30,111,139,33,0,0,71,101
301110017042,892,801,91,30,111,16,0,0,0,0,75
301110017044,1649,1634,15,30,111,0,0,15,0,0,0
301110018011,2603,2529,74,30,111,0,0,0,0,0,74
301110018013,1455,1455,0,30,111,0,0,0,0,0,0
