,Data Year,Plant state abbreviation,Plant name,DOE/EIA ORIS plant or facility code,Utility name,Plant FIPS state code,Plant FIPS county code,Latitude,Longitude,Plant primary coal/oil/gas/ other fossil fuel category,Plant capacity factor,Plant nameplate capacity (MW),Plant annual coal net generation (MWh),total population (ACS2018),Total Households,Buffer distance,State percentile for EJ Index for Particulate Matter (PxM 2.5),Regional percentile for EJ Index for Particulate Matter (PM 2.5),National percentile for EJ Index for Particulate Matter (PM 2.5),Raw data for People of Color Population,State percentile for People of Color Population,Regional percentile for People of Color Population,National percentile for People of Color Population,State average for People of Color Population,Regional average for People of Color Population,National average for People of Color Population,Raw data for Low Income Population,State percentile for Low Income Population,Regional percentile for Low Income Population,National percentile for Low Income Population,State average for Low Income Population,Regional average for Low Income Population,National average for Low Income Population,Raw data for Linguistically Isolated Population,State percentile for Linguistically Isolated Population,Regional percentile for Linguistically Isolated Population,National percentile for Linguistically Isolated Population,State average for Linguistically Isolated Population,Regional average for Linguistically Isolated Population,National average for Linguistically Isolated Population,Raw data for Population with Less Than High School Education,State percentile for Population with Less Than High School Education,Regional percentile for Population with Less Than High School Education,National percentile for Population with Less Than High School Education,State average for Population with Less Than High School Education,Regional average for Population with Less Than High School Education,National average for Population with Less Than High School Education,PM 2.5 Emssions (tons)
1,2019,AL,James H Miller Jr,6002,Alabama Power Co,1,73.0,33.6319,-87.0597,COAL,0.74799,2822.0,18237661.0,1253,479,3 miles,30.0,27.0,27.0,0.02,5.0,4.0,5.0,0.34,0.39,0.39,0.35,46.0,50.0,60.0,0.38,0.36,0.33,0.0,71.0,51.0,45.0,0.01,0.03,0.04,0.2,73.0,78.0,79.0,0.14,0.13,0.13,135.9824196902363
3,2019,MI,Monroe,1733,DTE Electric Company,26,115.0,41.8906,-83.3464,COAL,0.53113,3293.1,14624850.0,8532,3221,3 miles,65.0,67.0,52.0,0.17,57.0,54.0,33.0,0.25,0.25,0.39,0.42,70.0,74.0,71.0,0.33,0.3,0.33,0.0,63.0,59.0,45.0,0.02,0.02,0.04,0.14,79.0,77.0,67.0,0.09,0.1,0.13,27.46133689028686
6,2019,FL,Crystal River,628,"Duke Energy Florida, LLC",12,17.0,28.9656,-82.6977,COAL,0.32381,5303.7,4298914.9,2,1,3 miles,12.0,16.0,14.0,0.03,2.0,6.0,7.0,0.46,0.39,0.39,0.08,4.0,5.0,10.0,0.35,0.36,0.33,0.0,29.0,51.0,45.0,0.07,0.03,0.04,0.05,26.0,23.0,29.0,0.12,0.13,0.13,654.9560751315132
9,2019,TX,W A Parish,3470,NRG Texas Power LLC,48,157.0,29.4828,-95.6311,COAL,0.40805,4008.4,13143813.0,1098,369,3 miles,14.0,14.0,18.0,0.55,47.0,55.0,70.0,0.58,0.52,0.39,0.07,8.0,6.0,8.0,0.35,0.37,0.33,0.05,54.0,63.0,71.0,0.08,0.06,0.04,0.06,27.0,26.0,34.0,0.17,0.16,0.13,1180.940322020279
11,2019,MO,Labadie,2103,Union Electric Co - (MO),29,71.0,38.562244,-90.837686,COAL,0.67464,2389.4,14110255.0,1161,461,3 miles,32.0,28.0,21.0,0.04,20.0,19.0,9.0,0.2,0.2,0.39,0.25,38.0,42.0,42.0,0.33,0.31,0.33,0.0,72.0,66.0,45.0,0.01,0.02,0.04,0.06,38.0,46.0,37.0,0.1,0.09,0.13,1404.7365664434135
12,2019,OH,Gen J M Gavin,8102,"Gavin Power, LLC",39,53.0,38.9347,-82.1158,COAL,0.61003,2600.0,13867855.0,2169,810,3 miles,47.0,40.0,30.0,0.02,13.0,8.0,4.0,0.21,0.25,0.39,0.41,69.0,72.0,69.0,0.32,0.3,0.33,0.0,68.0,59.0,45.0,0.01,0.02,0.04,0.15,78.0,78.0,68.0,0.1,0.1,0.13,2126.1979189823896
13,2019,MT,Colstrip,6076,Talen Montana LLC,30,87.0,45.8831,-106.614,COAL,0.64761,2363.4,13394759.0,2458,793,3 miles,61.0,54.0,42.0,0.32,91.0,73.0,51.0,0.14,0.25,0.39,0.12,6.0,19.0,17.0,0.34,0.28,0.33,0.0,83.0,55.0,45.0,0.0,0.02,0.04,0.02,18.0,22.0,12.0,0.07,0.08,0.13,3983.44368108869
19,2019,WV,Harrison Power Station,3944,Monongahela Power Co,54,33.0,39.384167,-80.3325,COAL,0.71732,2052.0,12881313.0,6087,2530,3 miles,42.0,46.0,36.0,0.03,44.0,13.0,7.0,0.08,0.33,0.39,0.35,43.0,70.0,61.0,0.39,0.27,0.33,0.0,88.0,55.0,45.0,0.0,0.03,0.04,0.14,56.0,72.0,65.0,0.13,0.1,0.13,1334.0188332991488
21,2019,AL,Barry,3,Alabama Power Co,1,97.0,31.0069,-88.0103,COAL,0.50101,2841.5,4174904.2,98,41,3 miles,60.0,56.0,60.0,0.37,63.0,55.0,55.0,0.34,0.39,0.39,0.38,52.0,55.0,64.0,0.38,0.36,0.33,0.0,71.0,51.0,45.0,0.01,0.03,0.04,0.19,71.0,76.0,78.0,0.14,0.13,0.13,643.1556715373634
28,2019,TX,Oak Grove,6180,Luminant Generation Company LLC,48,395.0,31.1803,-96.4866,COAL,0.41695,3397.0,12314849.86,132,49,3 miles,28.0,30.0,44.0,0.15,7.0,11.0,29.0,0.58,0.52,0.39,0.26,40.0,36.0,45.0,0.35,0.37,0.33,0.0,26.0,36.0,45.0,0.08,0.06,0.04,0.13,50.0,51.0,63.0,0.17,0.16,0.13,743.9137585197036
30,2019,IN,Gibson,6113,"Duke Energy Indiana, LLC",18,51.0,38.372222,-87.765833,COAL,0.41649,3339.5,12141089.0,3984,1692,3 miles,65.0,62.0,47.0,0.08,38.0,33.0,17.0,0.21,0.25,0.39,0.41,69.0,72.0,69.0,0.33,0.3,0.33,0.03,80.0,75.0,61.0,0.02,0.02,0.04,0.11,59.0,67.0,57.0,0.11,0.1,0.13,1755.34531350947
38,2019,TX,Martin Lake,6146,Luminant Generation Company LLC,48,401.0,32.2606,-94.5706,COAL,0.43622,3179.6,12141396.0,545,191,3 miles,39.0,44.0,60.0,0.41,33.0,42.0,60.0,0.58,0.52,0.39,0.29,45.0,41.0,51.0,0.35,0.37,0.33,0.0,26.0,36.0,45.0,0.08,0.06,0.04,0.24,72.0,76.0,85.0,0.17,0.16,0.13,901.6547279972831
39,2019,GA,Scherer,6257,Georgia Power Co,13,207.0,33.0606,-83.8075,COAL,0.38702,3564.0,12073571.0,792,310,3 miles,40.0,47.0,51.0,0.21,24.0,36.0,38.0,0.47,0.39,0.39,0.44,65.0,65.0,72.0,0.36,0.36,0.33,0.03,73.0,71.0,63.0,0.03,0.03,0.04,0.16,66.0,67.0,71.0,0.13,0.13,0.13,80.18137874938948
40,2019,IL,Prairie State Generating Station,55856,Prairie State Generating Co LLC,17,163.0,38.279167,-89.666944,COAL,0.77912,1766.0,12027671.0,311,124,3 miles,36.0,42.0,31.0,0.02,6.0,10.0,5.0,0.38,0.25,0.39,0.14,26.0,23.0,21.0,0.29,0.3,0.33,0.0,44.0,59.0,45.0,0.05,0.02,0.04,0.02,17.0,16.0,13.0,0.11,0.1,0.13,1318.907430543218
53,2019,WY,Jim Bridger,8066,PacifiCorp,56,37.0,41.7378,-108.7875,COAL,0.52615,2441.9,11245848.0,1,1,3 miles,74.0,67.0,51.0,0.12,46.0,33.0,25.0,0.16,0.25,0.39,0.3,63.0,61.0,52.0,0.28,0.28,0.33,0.0,71.0,55.0,45.0,0.01,0.02,0.04,0.07,57.0,59.0,41.0,0.07,0.08,0.13,354.76338226571204
76,2019,PA,Conemaugh,3118,KeyCon Operating LLC,42,63.0,40.3842,-79.0611,COAL,0.64001,1963.0,10970816.44,2277,973,3 miles,25.0,17.0,13.0,0.02,10.0,7.0,3.0,0.23,0.33,0.39,0.37,71.0,72.0,63.0,0.29,0.27,0.33,0.0,57.0,55.0,45.0,0.02,0.03,0.04,0.13,73.0,70.0,63.0,0.1,0.1,0.13,1183.8698037985243
79,2019,PA,Keystone,3136,KeyCon Operating LLC,42,5.0,40.6604,-79.3411,COAL,0.66712,1883.2,11005233.51,2104,837,3 miles,23.0,16.0,12.0,0.02,10.0,7.0,3.0,0.23,0.33,0.39,0.23,46.0,49.0,40.0,0.29,0.27,0.33,0.0,57.0,55.0,45.0,0.02,0.03,0.04,0.08,51.0,50.0,45.0,0.1,0.1,0.13,7431.392080734009
84,2019,GA,Bowen,703,Georgia Power Co,13,15.0,34.1256,-84.9222,COAL,0.35426,3540.4,10962860.0,7514,2539,3 miles,17.0,16.0,15.0,0.11,11.0,21.0,23.0,0.47,0.39,0.39,0.26,35.0,33.0,44.0,0.36,0.36,0.33,0.0,51.0,51.0,45.0,0.03,0.03,0.04,0.14,61.0,61.0,67.0,0.13,0.13,0.13,314.7917616399389
85,2019,MN,Sherburne County,6090,Northern States Power Co - Minnesota,27,141.0,45.3808,-93.8931,COAL,0.49709,2469.3,10734409.0,5710,2001,3 miles,14.0,13.0,9.0,0.06,25.0,24.0,12.0,0.2,0.25,0.39,0.14,32.0,23.0,22.0,0.25,0.3,0.33,0.0,56.0,59.0,45.0,0.02,0.02,0.04,0.05,47.0,34.0,29.0,0.07,0.1,0.13,6329.700061278769
97,2019,KY,Ghent,1356,Kentucky Utilities Co,21,41.0,38.7497,-85.035,COAL,0.52127,2225.9,10152845.27,2947,1247,3 miles,48.0,36.0,38.0,0.06,40.0,11.0,14.0,0.15,0.39,0.39,0.44,61.0,65.0,72.0,0.38,0.36,0.33,0.0,73.0,51.0,45.0,0.01,0.03,0.04,0.16,61.0,66.0,70.0,0.14,0.13,0.13,1656.3279572
105,2019,AZ,Navajo Generating Station,4941,Salt River Project,4,5.0,36.9047,-111.3886,COAL,0.47142,2409.3,9930166.8,5,2,3 miles,65.0,49.0,70.0,0.87,88.0,77.0,88.0,0.45,0.6,0.39,0.67,89.0,92.0,93.0,0.36,0.33,0.33,0.18,92.0,84.0,92.0,0.04,0.08,0.04,0.41,93.0,89.0,96.0,0.13,0.16,0.13,1904.783707711865
108,2019,WV,John E Amos,3935,Appalachian Power Co,54,79.0,38.4731,-81.8233,COAL,0.38133,2932.6,9752419.7,9224,3699,3 miles,19.0,29.0,22.0,0.03,38.0,10.0,5.0,0.08,0.33,0.39,0.3,31.0,61.0,52.0,0.39,0.27,0.33,0.0,88.0,55.0,45.0,0.0,0.03,0.04,0.12,48.0,66.0,60.0,0.13,0.1,0.13,9763.664552213742
119,2019,OH,Cardinal,2828,Cardinal Operating Company,39,81.0,40.2522,-80.6486,COAL,0.58524,1880.4,9603206.0,5760,2583,3 miles,53.0,47.0,35.0,0.03,17.0,11.0,5.0,0.21,0.25,0.39,0.36,62.0,66.0,62.0,0.32,0.3,0.33,0.0,68.0,59.0,45.0,0.01,0.02,0.04,0.13,72.0,73.0,63.0,0.1,0.1,0.13,4137.656425681988
123,2019,TX,Sam Seymour,6179,Lower Colorado River Authority,48,149.0,29.9172,-96.7506,COAL,0.64889,1690.0,9594316.5,256,98,3 miles,22.0,22.0,32.0,0.13,5.0,10.0,27.0,0.58,0.52,0.39,0.15,21.0,18.0,24.0,0.35,0.37,0.33,0.0,26.0,36.0,45.0,0.08,0.06,0.04,0.05,23.0,21.0,28.0,0.17,0.16,0.13,604.3184472494142
125,2019,KY,Paradise,1378,Tennessee Valley Authority,21,177.0,37.2608,-86.9783,COAL,0.29169,3718.2,3071369.969,54,23,3 miles,60.0,43.0,47.0,0.03,25.0,6.0,7.0,0.15,0.39,0.39,0.36,49.0,52.0,61.0,0.38,0.36,0.33,0.0,73.0,51.0,45.0,0.01,0.03,0.04,0.24,82.0,84.0,84.0,0.14,0.13,0.13,638.0270029028735
126,2019,TN,Cumberland,3399,Tennessee Valley Authority,47,161.0,36.3903,-87.6539,COAL,0.41312,2600.0,9312378.7,931,389,3 miles,60.0,45.0,49.0,0.07,30.0,13.0,16.0,0.26,0.39,0.39,0.47,71.0,70.0,76.0,0.36,0.36,0.33,0.0,67.0,51.0,45.0,0.02,0.03,0.04,0.28,92.0,91.0,89.0,0.13,0.13,0.13,1258.8065466083385
130,2019,WY,Laramie River,6204,Basin Electric Power Coop,56,31.0,42.108889,-104.8825,COAL,0.60296,1710.0,9011611.4,72,35,3 miles,75.0,67.0,51.0,0.05,16.0,12.0,12.0,0.16,0.25,0.39,0.29,60.0,59.0,51.0,0.28,0.28,0.33,0.0,71.0,55.0,45.0,0.01,0.02,0.04,0.04,31.0,37.0,23.0,0.07,0.08,0.13,129.03814199043867
139,2019,NM,Four Corners Steam Elec Station,2442,Arizona Public Service Co,35,45.0,36.69,-108.4814,COAL,0.44852,2269.6,8799075.6,228,59,3 miles,84.0,73.0,83.0,0.99,96.0,96.0,97.0,0.62,0.52,0.39,0.56,73.0,79.0,85.0,0.42,0.37,0.33,0.07,69.0,70.0,77.0,0.05,0.06,0.04,0.22,72.0,72.0,82.0,0.15,0.16,0.13,1198.057821615532
140,2019,KY,Trimble County,6071,Louisville Gas & Electric Co,21,223.0,38.5847,-85.4117,COAL,0.38828,2594.1,7922492.232,523,195,3 miles,42.0,31.0,33.0,0.06,40.0,11.0,13.0,0.15,0.39,0.39,0.39,54.0,57.0,66.0,0.38,0.36,0.33,0.04,87.0,73.0,66.0,0.01,0.03,0.04,0.19,72.0,76.0,78.0,0.14,0.13,0.13,486.1493752337527
155,2019,IN,IPL - Petersburg Generating Station,994,Indianapolis Power & Light Co,18,125.0,38.5281,-87.2525,COAL,0.46384,2154.8,8732525.5,2662,1137,3 miles,49.0,44.0,33.0,0.04,21.0,15.0,8.0,0.21,0.25,0.39,0.27,45.0,51.0,47.0,0.33,0.3,0.33,0.0,65.0,59.0,45.0,0.02,0.02,0.04,0.13,67.0,74.0,64.0,0.11,0.1,0.13,197.94990595635127
156,2019,TX,Limestone,298,NRG Texas Power LLC,48,293.0,31.4219,-96.2525,COAL,0.53692,1849.8,8659127.6,146,59,3 miles,30.0,32.0,46.0,0.11,4.0,7.0,23.0,0.58,0.52,0.39,0.33,50.0,47.0,57.0,0.35,0.37,0.33,0.03,40.0,51.0,60.0,0.08,0.06,0.04,0.23,69.0,73.0,83.0,0.17,0.16,0.13,436.176509025595
159,2019,UT,Hunter,6165,PacifiCorp,49,15.0,39.1747,-111.0289,COAL,0.62837,1577.2,8672721.166,766,247,3 miles,61.0,55.0,43.0,0.07,13.0,15.0,14.0,0.21,0.25,0.39,0.37,72.0,72.0,64.0,0.28,0.28,0.33,0.03,78.0,80.0,66.0,0.02,0.02,0.04,0.06,51.0,50.0,32.0,0.08,0.08,0.13,131.86063342629456
160,2019,MO,Iatan,6065,Evergy Metro,29,165.0,39.4472,-94.98,COAL,0.56663,1725.0,8533687.8,260,100,3 miles,21.0,17.0,11.0,0.07,32.0,31.0,14.0,0.2,0.2,0.39,0.14,19.0,20.0,21.0,0.33,0.31,0.33,0.0,72.0,66.0,45.0,0.01,0.02,0.04,0.05,30.0,36.0,29.0,0.1,0.09,0.13,379.9824299948126
161,2019,CO,Comanche (470),470,Public Service Co of Colorado,8,101.0,38.2081,-104.5747,COAL,0.59335,1635.3,8303351.9,6947,2741,3 miles,74.0,80.0,62.0,0.47,77.0,85.0,64.0,0.32,0.25,0.39,0.44,81.0,81.0,73.0,0.27,0.28,0.33,0.03,72.0,78.0,63.0,0.03,0.02,0.04,0.11,72.0,74.0,57.0,0.09,0.08,0.13,101.05827652864849
162,2019,MI,J H Campbell,1710,Consumers Energy Co,26,139.0,42.910296,-86.20074,COAL,0.60724,1579.4,8388899.414,2967,1158,3 miles,22.0,26.0,19.0,0.08,32.0,32.0,17.0,0.25,0.25,0.39,0.25,42.0,46.0,42.0,0.33,0.3,0.33,0.01,66.0,61.0,46.0,0.02,0.02,0.04,0.07,44.0,45.0,38.0,0.09,0.1,0.13,24.957990876877012
164,2019,NE,Gerald Gentleman Station,6077,Nebraska Public Power District,31,111.0,41.0808,-101.1408,COAL,0.70378,1362.6,8370453.3,20,7,3 miles,42.0,45.0,34.0,0.21,66.0,69.0,38.0,0.21,0.2,0.39,0.13,22.0,19.0,20.0,0.29,0.31,0.33,0.0,57.0,66.0,45.0,0.03,0.02,0.04,0.04,37.0,30.0,24.0,0.09,0.09,0.13,118.03974856013215
165,2019,SC,Cross,130,South Carolina Public Service Authority,45,15.0,33.371506,-80.113235,COAL,0.40002,2390.1,8350087.2,1171,477,3 miles,73.0,68.0,71.0,0.56,77.0,72.0,70.0,0.36,0.39,0.39,0.42,63.0,63.0,70.0,0.36,0.36,0.33,0.0,62.0,51.0,45.0,0.01,0.03,0.04,0.15,61.0,62.0,68.0,0.13,0.13,0.13,1007.0922291388906
166,2019,KY,Mill Creek,1364,Louisville Gas & Electric Co,21,111.0,38.0525,-85.9103,COAL,0.54898,1717.2,8227585.667,8821,3462,3 miles,54.0,39.0,42.0,0.11,55.0,19.0,22.0,0.15,0.39,0.39,0.43,60.0,64.0,71.0,0.38,0.36,0.33,0.01,74.0,53.0,46.0,0.01,0.03,0.04,0.23,81.0,83.0,83.0,0.14,0.13,0.13,944.9830012720331
167,2019,WV,Mountaineer (1301),6264,Appalachian Power Co,54,53.0,38.9794,-81.9344,COAL,0.72491,1300.0,8239574.8,4366,1751,3 miles,35.0,42.0,32.0,0.02,34.0,9.0,4.0,0.08,0.33,0.39,0.38,50.0,74.0,65.0,0.39,0.27,0.33,0.0,88.0,55.0,45.0,0.0,0.03,0.04,0.12,49.0,67.0,60.0,0.13,0.1,0.13,1308.7404720397585
187,2019,ND,Coal Creek,6030,Great River Energy,38,55.0,47.377743,-101.157058,COAL,0.76809,1217.6,8186028.5,13,7,3 miles,71.0,60.0,47.0,0.03,14.0,5.0,7.0,0.15,0.25,0.39,0.18,36.0,35.0,31.0,0.26,0.28,0.33,0.0,61.0,55.0,45.0,0.01,0.02,0.04,0.05,42.0,49.0,32.0,0.08,0.08,0.13,805.109879115819
192,2019,IN,Rockport,6166,Indiana Michigan Power Co,18,147.0,37.9256,-87.0372,COAL,0.3577,2600.0,8119768.0,2259,925,3 miles,49.0,45.0,33.0,0.08,38.0,33.0,17.0,0.21,0.25,0.39,0.43,72.0,75.0,72.0,0.33,0.3,0.33,0.0,65.0,59.0,45.0,0.02,0.02,0.04,0.16,74.0,80.0,70.0,0.11,0.1,0.13,578.5991034338857
193,2019,MO,Thomas Hill Energy Center,2168,"Associated Electric Coop, Inc",29,175.0,39.5522,-92.6381,COAL,0.78463,1181.7,8119332.5,80,29,3 miles,52.0,51.0,38.0,0.07,32.0,31.0,14.0,0.2,0.2,0.39,0.3,47.0,52.0,52.0,0.33,0.31,0.33,0.0,72.0,66.0,45.0,0.01,0.02,0.04,0.09,54.0,62.0,51.0,0.1,0.09,0.13,1.1338345929579903
197,2019,IA,Walter Scott Jr. Energy Center,1082,MidAmerican Energy Co,19,155.0,41.18,-95.8408,COAL,0.51429,1778.9,7982215.3,2855,1201,3 miles,64.0,58.0,43.0,0.18,72.0,63.0,33.0,0.14,0.2,0.39,0.28,53.0,48.0,48.0,0.29,0.31,0.33,0.0,66.0,66.0,45.0,0.02,0.02,0.04,0.12,79.0,70.0,59.0,0.08,0.09,0.13,214.90774327335293
198,2019,AZ,Springerville Generating Station,8223,Tucson Electric Power Co,4,1.0,34.3186,-109.1639,COAL,0.41621,2179.2,7900771.1,0,0,3 miles,,,,,,,,0.45,0.6,0.39,,,,,0.36,0.33,0.33,,,,,0.04,0.08,0.04,,,,,0.13,0.16,0.13,639.519694848034
199,2019,CO,Craig,6021,"Tri-State G & T Assn, Inc",8,81.0,40.4627,-107.5912,COAL,0.63366,1427.6,7905116.1,358,143,3 miles,50.0,55.0,43.0,0.06,5.0,13.0,13.0,0.32,0.25,0.39,0.32,66.0,64.0,55.0,0.27,0.28,0.33,0.0,46.0,55.0,45.0,0.03,0.02,0.04,0.05,48.0,45.0,29.0,0.09,0.08,0.13,96.10250391325351
200,2019,NC,Marshall,2727,"Duke Energy Carolinas, LLC",37,35.0,35.5975,-80.9658,COAL,0.4195,2119.0,7764610.5,7437,2916,3 miles,12.0,13.0,11.0,0.08,12.0,14.0,17.0,0.37,0.39,0.39,0.17,18.0,17.0,27.0,0.36,0.36,0.33,0.0,52.0,51.0,45.0,0.02,0.03,0.04,0.05,25.0,23.0,29.0,0.13,0.13,0.13,303.6037196659312
202,2019,WI,Elm Road Generating Station,56068,Wisconsin Electric Power Co,55,79.0,42.8492,-87.8336,COAL,0.61675,1402.6,7558456.1,8419,3245,3 miles,27.0,30.0,22.0,0.21,73.0,60.0,38.0,0.18,0.25,0.39,0.12,17.0,18.0,17.0,0.28,0.3,0.33,0.0,61.0,59.0,45.0,0.02,0.02,0.04,0.07,51.0,45.0,38.0,0.08,0.1,0.13,2.1410975611946554
203,2019,UT,Intermountain,6481,Los Angeles Department of Water & Power,49,27.0,39.509731,-112.58018,COAL,0.34807,2480.0,7539612.18,0,0,3 miles,,,,,,,,0.21,0.25,0.39,,,,,0.28,0.28,0.33,,,,,0.02,0.02,0.04,,,,,0.08,0.08,0.13,862.1120390616613
206,2019,WA,Centralia,3845,TransAlta Centralia Gen LLC,53,41.0,46.755938,-122.859764,COAL,0.4584,1781.8,7146271.6,871,330,3 miles,58.0,59.0,47.0,0.05,3.0,5.0,10.0,0.31,0.28,0.39,0.45,83.0,81.0,74.0,0.27,0.3,0.33,0.0,43.0,47.0,45.0,0.04,0.03,0.04,0.12,75.0,73.0,60.0,0.09,0.09,0.13,331.8034450720351
207,2019,NC,Belews Creek,8042,"Duke Energy Carolinas, LLC",37,169.0,36.2811,-80.0603,COAL,0.32643,2491.2,7071307.8,1606,629,3 miles,40.0,39.0,42.0,0.23,38.0,39.0,41.0,0.37,0.39,0.39,0.35,52.0,51.0,61.0,0.36,0.36,0.33,0.0,52.0,51.0,45.0,0.02,0.03,0.04,0.12,54.0,53.0,60.0,0.13,0.13,0.13,702.0319427022466
209,2019,FL,Seminole (136),136,Seminole Electric Cooperative Inc,12,107.0,29.733056,-81.632778,COAL,0.22975,3505.0,7036179.3,1527,633,3 miles,18.0,22.0,21.0,0.04,3.0,7.0,8.0,0.46,0.39,0.39,0.24,32.0,30.0,41.0,0.35,0.36,0.33,0.0,29.0,51.0,45.0,0.07,0.03,0.04,0.12,60.0,54.0,60.0,0.12,0.13,0.13,1070.410747586012
212,2019,OH,Miami Fort Power Station,2832,Vistra Energy Miami Fort,39,61.0,39.1128,-84.8036,COAL,0.55137,1444.0,6954499.3,3043,1334,3 miles,25.0,20.0,14.0,0.05,29.0,22.0,11.0,0.21,0.25,0.39,0.24,42.0,45.0,42.0,0.32,0.3,0.33,0.0,68.0,59.0,45.0,0.01,0.02,0.04,0.1,59.0,61.0,52.0,0.1,0.1,0.13,1043.5946417908453
214,2019,NC,Roxboro,2712,Duke Energy Progress - (NC),37,145.0,36.4833,-79.0731,COAL,0.30804,2574.5,6916201.8,1493,608,3 miles,31.0,31.0,32.0,0.2,34.0,35.0,37.0,0.37,0.39,0.39,0.28,38.0,37.0,48.0,0.36,0.36,0.33,0.05,86.0,80.0,73.0,0.02,0.03,0.04,0.07,36.0,34.0,41.0,0.13,0.13,0.13,601.4525549735063
216,2019,MO,New Madrid Power Plant,2167,"Associated Electric Coop, Inc",29,143.0,36.5147,-89.5617,COAL,0.60419,1300.0,6875680.7,312,138,3 miles,79.0,80.0,60.0,0.21,70.0,69.0,38.0,0.2,0.2,0.39,0.69,94.0,95.0,94.0,0.33,0.31,0.33,0.0,72.0,66.0,45.0,0.01,0.02,0.04,0.2,86.0,88.0,78.0,0.1,0.09,0.13,379.0062850206295
227,2019,PA,Homer City,3122,NRG Homer City Services LLC,42,63.0,40.512825,-79.196107,COAL,0.38739,2012.0,6803250.0,4745,2015,3 miles,44.0,34.0,25.0,0.02,11.0,8.0,4.0,0.23,0.33,0.39,0.34,67.0,68.0,59.0,0.29,0.27,0.33,0.0,57.0,55.0,45.0,0.02,0.03,0.04,0.09,57.0,55.0,50.0,0.1,0.1,0.13,4967.736225884906
250,2019,NE,Nebraska City Station,6096,Omaha Public Power District,31,131.0,40.6214,-95.7764,COAL,0.55964,1389.6,6778371.0,80,33,3 miles,51.0,53.0,40.0,0.04,14.0,18.0,8.0,0.21,0.2,0.39,0.3,58.0,53.0,52.0,0.29,0.31,0.33,0.0,57.0,66.0,45.0,0.03,0.02,0.04,0.12,75.0,70.0,59.0,0.09,0.09,0.13,126.88380986741558
278,2019,AR,White Bluff,6009,Entergy Arkansas LLC,5,69.0,34.4228,-92.1406,COAL,0.42766,1800.0,6733709.7,2142,828,3 miles,26.0,18.0,25.0,0.09,29.0,6.0,19.0,0.27,0.52,0.39,0.4,51.0,58.0,67.0,0.4,0.37,0.33,0.0,67.0,36.0,45.0,0.02,0.06,0.04,0.18,70.0,64.0,75.0,0.14,0.16,0.13,624.8562923936823
280,2019,WV,Fort Martin Power Station,3943,Monongahela Power Co,54,61.0,39.710833,-79.9275,COAL,0.66403,1152.0,6687089.1,6557,2659,3 miles,25.0,35.0,26.0,0.07,64.0,24.0,16.0,0.08,0.33,0.39,0.31,33.0,62.0,53.0,0.39,0.27,0.33,0.01,90.0,59.0,48.0,0.0,0.03,0.04,0.1,42.0,60.0,54.0,0.13,0.1,0.13,6326.929697285784
327,2019,TX,J K Spruce,7097,City of San Antonio - (TX),48,29.0,29.309722,-98.3203,COAL,0.52906,1444.0,6672769.1,2664,875,3 miles,50.0,56.0,70.0,0.53,45.0,53.0,68.0,0.58,0.52,0.39,0.42,63.0,61.0,70.0,0.35,0.37,0.33,0.08,65.0,73.0,79.0,0.08,0.06,0.04,0.18,61.0,63.0,74.0,0.17,0.16,0.13,106.93001760811231
328,2019,KS,Jeffrey Energy Center,6068,"Evergy Kansas Central, Inc",20,149.0,39.286453,-96.117231,COAL,0.34741,2160.0,6547489.2,219,62,3 miles,54.0,60.0,44.0,0.17,49.0,61.0,32.0,0.24,0.2,0.39,0.37,65.0,65.0,63.0,0.31,0.31,0.33,0.0,58.0,66.0,45.0,0.03,0.02,0.04,0.05,37.0,34.0,27.0,0.09,0.09,0.13,543.1802385602266
331,2019,NC,Cliffside,2721,"Duke Energy Carolinas, LLC",37,45.0,35.22,-81.7594,COAL,0.28615,2540.5,5158248.6,2699,990,3 miles,41.0,40.0,43.0,0.09,15.0,17.0,20.0,0.37,0.39,0.39,0.4,60.0,59.0,68.0,0.36,0.36,0.33,0.0,52.0,51.0,45.0,0.02,0.03,0.04,0.16,68.0,67.0,71.0,0.13,0.13,0.13,264.67519923078464
334,2019,IL,Baldwin Energy Complex,889,Dynegy Midwest Generation Inc,17,157.0,38.205,-89.8544,COAL,0.37921,1894.1,6282239.4,555,234,3 miles,46.0,54.0,41.0,0.03,7.0,12.0,6.0,0.38,0.25,0.39,0.29,57.0,55.0,51.0,0.29,0.3,0.33,0.0,44.0,59.0,45.0,0.05,0.02,0.04,0.09,55.0,58.0,49.0,0.11,0.1,0.13,44.46474067819529
336,2019,FL,Curtis H. Stanton Energy Center,564,Orlando Utilities Comm,12,95.0,28.4822,-81.1678,COAL,0.559,1262.0,4231602.6,18410,5162,3 miles,4.0,4.0,3.0,0.51,59.0,68.0,66.0,0.46,0.39,0.39,0.16,16.0,16.0,26.0,0.35,0.36,0.33,0.06,66.0,82.0,76.0,0.07,0.03,0.04,0.11,55.0,49.0,56.0,0.12,0.13,0.13,535.6711631103999
337,2019,ND,Antelope Valley,6469,Basin Electric Power Coop,38,57.0,47.370542,-101.83566,COAL,0.72966,954.0,6075515.3,33,14,3 miles,66.0,57.0,44.0,0.15,66.0,43.0,30.0,0.15,0.25,0.39,0.25,55.0,50.0,43.0,0.26,0.28,0.33,0.01,78.0,66.0,52.0,0.01,0.02,0.04,0.09,67.0,67.0,49.0,0.08,0.08,0.13,1176.7938925743397
338,2019,KY,H L Spurlock,6041,"East Kentucky Power Coop, Inc",21,161.0,38.7,-83.8181,COAL,0.41798,1608.5,5822939.6,2078,909,3 miles,51.0,37.0,40.0,0.02,21.0,5.0,5.0,0.15,0.39,0.39,0.37,50.0,54.0,63.0,0.38,0.36,0.33,0.0,73.0,51.0,45.0,0.01,0.03,0.04,0.12,46.0,53.0,59.0,0.14,0.13,0.13,1665.8120778438454
340,2019,MI,Belle River,6034,DTE Electric Company,26,147.0,42.7756,-82.495,COAL,0.39792,1664.4,5454601.2,6107,2548,3 miles,30.0,34.0,25.0,0.05,21.0,23.0,11.0,0.25,0.25,0.39,0.25,42.0,46.0,43.0,0.33,0.3,0.33,0.0,63.0,59.0,45.0,0.02,0.02,0.04,0.09,59.0,59.0,50.0,0.09,0.1,0.13,20.313995452079162
353,2019,KS,La Cygne,1241,Evergy Metro,20,107.0,38.3481,-94.6456,COAL,0.41396,1598.9,5770549.9,326,148,3 miles,38.0,43.0,32.0,0.05,12.0,24.0,11.0,0.24,0.2,0.39,0.35,61.0,62.0,60.0,0.31,0.31,0.33,0.01,61.0,69.0,47.0,0.03,0.02,0.04,0.13,75.0,74.0,62.0,0.09,0.09,0.13,415.33139729245636
361,2019,IN,Clifty Creek,983,Indiana-Kentucky Electric Corp,18,77.0,38.7378,-85.4206,COAL,0.50108,1303.8,5715780.29,14446,5681,3 miles,43.0,38.0,28.0,0.11,46.0,41.0,22.0,0.21,0.25,0.39,0.4,68.0,71.0,68.0,0.33,0.3,0.33,0.0,65.0,59.0,45.0,0.02,0.02,0.04,0.1,54.0,63.0,54.0,0.11,0.1,0.13,170.78376093274215
363,2019,AL,E C Gaston,26,Alabama Power Co,1,117.0,33.244211,-86.458056,COAL,0.31928,2034.0,2788601.2,2385,933,3 miles,25.0,22.0,22.0,0.16,34.0,28.0,31.0,0.34,0.39,0.39,0.3,37.0,41.0,52.0,0.38,0.36,0.33,0.01,77.0,58.0,51.0,0.01,0.03,0.04,0.15,57.0,63.0,68.0,0.14,0.13,0.13,215.8821669395357
379,2019,KY,Shawnee,1379,Tennessee Valley Authority,21,145.0,37.1517,-88.775,COAL,0.37027,1750.0,5665911.0,6114,2651,3 miles,60.0,43.0,46.0,0.12,59.0,22.0,25.0,0.15,0.39,0.39,0.45,64.0,67.0,74.0,0.38,0.36,0.33,0.01,74.0,52.0,46.0,0.01,0.03,0.04,0.15,60.0,65.0,70.0,0.14,0.13,0.13,7878.059741210191
380,2019,AR,Independence,6641,Entergy Arkansas LLC,5,63.0,35.678442,-91.408761,COAL,0.35867,1800.0,5638775.2,1105,475,3 miles,45.0,30.0,44.0,0.05,17.0,3.0,11.0,0.27,0.52,0.39,0.46,63.0,66.0,75.0,0.4,0.37,0.33,0.0,67.0,36.0,45.0,0.02,0.06,0.04,0.23,84.0,74.0,84.0,0.14,0.16,0.13,215.7068272843074
385,2019,MO,Rush Island,6155,Union Electric Co - (MO),29,99.0,38.131248,-90.263157,COAL,0.50969,1242.0,5541168.0,643,229,3 miles,34.0,30.0,23.0,0.03,14.0,13.0,6.0,0.2,0.2,0.39,0.37,61.0,66.0,63.0,0.33,0.31,0.33,0.0,72.0,66.0,45.0,0.01,0.02,0.04,0.08,45.0,53.0,43.0,0.1,0.09,0.13,525.5813133908512
390,2019,OH,Kyger Creek,2876,Ohio Valley Electric Corp,39,53.0,38.9144,-82.1289,COAL,0.57945,1086.5,5507831.82,3981,1751,3 miles,46.0,40.0,29.0,0.02,15.0,10.0,5.0,0.21,0.25,0.39,0.32,56.0,60.0,55.0,0.32,0.3,0.33,0.0,68.0,59.0,45.0,0.01,0.02,0.04,0.15,77.0,78.0,68.0,0.1,0.1,0.13,6695.868319885462
392,2019,IN,R M Schahfer Generating Station,6085,Northern Indiana Pub Serv Co,18,73.0,41.2164,-87.0261,COAL,0.28482,2201.4,5453558.1,1892,695,3 miles,51.0,47.0,35.0,0.11,46.0,41.0,22.0,0.21,0.25,0.39,0.27,44.0,50.0,46.0,0.33,0.3,0.33,0.0,65.0,60.0,45.0,0.02,0.02,0.04,0.14,69.0,76.0,66.0,0.11,0.1,0.13,667.0605206625922
394,2019,WI,Columbia,8023,Wisconsin Power & Light Co,55,21.0,43.4864,-89.4203,COAL,0.55092,1112.0,5363193.7,2125,926,3 miles,26.0,29.0,21.0,0.03,18.0,15.0,7.0,0.18,0.25,0.39,0.17,31.0,30.0,28.0,0.28,0.3,0.33,0.0,62.0,59.0,45.0,0.02,0.02,0.04,0.06,43.0,38.0,33.0,0.08,0.1,0.13,78.7090447398148
397,2019,WV,Longview Power,56671,"Longview Power, LLC",54,61.0,39.707893,-79.958974,COAL,0.74426,807.5,5248694.2,7966,3303,3 miles,64.0,57.0,46.0,0.15,81.0,38.0,29.0,0.08,0.33,0.39,0.4,55.0,77.0,68.0,0.39,0.27,0.33,0.02,93.0,69.0,57.0,0.0,0.03,0.04,0.08,31.0,51.0,46.0,0.13,0.1,0.13,92.57127172159082
400,2019,WV,Mitchell (WV),3948,Kentucky Power Co,54,51.0,39.8297,-80.8153,COAL,0.35246,1632.6,5008423.4,2369,973,3 miles,44.0,47.0,37.0,0.02,32.0,8.0,4.0,0.08,0.33,0.39,0.32,36.0,65.0,56.0,0.39,0.27,0.33,0.01,89.0,56.0,46.0,0.0,0.03,0.04,0.08,30.0,50.0,45.0,0.13,0.1,0.13,847.5201672143836
403,2019,TX,Sandy Creek Energy Station,56611,Sandy Creek Energy Associates LP,48,309.0,31.474378,-96.957149,COAL,0.56925,1008.0,5026547.0,1588,589,3 miles,28.0,30.0,43.0,0.22,14.0,20.0,40.0,0.58,0.52,0.39,0.3,46.0,42.0,52.0,0.35,0.37,0.33,0.02,36.0,46.0,56.0,0.08,0.06,0.04,0.11,43.0,43.0,55.0,0.17,0.16,0.13,168.85698195263063
404,2019,LA,Brame Energy Center,6190,Cleco Power LLC,22,79.0,31.395,-92.716667,COAL,0.33551,1707.3,2705200.6,1483,528,3 miles,84.0,73.0,83.0,0.71,78.0,68.0,79.0,0.41,0.52,0.39,0.68,88.0,90.0,93.0,0.39,0.37,0.33,0.01,68.0,42.0,51.0,0.02,0.06,0.04,0.15,56.0,58.0,70.0,0.15,0.16,0.13,232.4903010951987
421,2019,WV,Pleasants Power Station,6004,Allegheny Energy Supply Co LLC,54,73.0,39.366667,-81.294444,COAL,0.41433,1368.0,4941281.3,1833,751,3 miles,42.0,46.0,36.0,0.02,35.0,9.0,5.0,0.08,0.33,0.39,0.37,48.0,73.0,64.0,0.39,0.27,0.33,0.0,88.0,55.0,45.0,0.0,0.03,0.04,0.08,31.0,51.0,46.0,0.13,0.1,0.13,0.2675915526991552
426,2019,UT,Huntington,8069,PacifiCorp,49,15.0,39.3792,-111.0781,COAL,0.53897,1037.3,4893984.6,65,21,3 miles,66.0,62.0,48.0,0.1,28.0,28.0,22.0,0.21,0.25,0.39,0.3,59.0,60.0,52.0,0.28,0.28,0.33,0.0,53.0,55.0,45.0,0.02,0.02,0.04,0.06,54.0,53.0,36.0,0.08,0.08,0.13,163.98351153019712
431,2019,MN,Boswell Energy Center,1893,"ALLETE, Inc.",27,61.0,47.2611,-93.6528,COAL,0.51169,1073.3,4800703.801,2259,873,3 miles,60.0,55.0,42.0,0.08,33.0,32.0,16.0,0.2,0.25,0.39,0.29,68.0,55.0,51.0,0.25,0.3,0.33,0.0,55.0,59.0,45.0,0.02,0.02,0.04,0.05,45.0,32.0,27.0,0.07,0.1,0.13,923.0730254916283
444,2019,NM,San Juan,2451,Public Service Co of NM,35,45.0,36.8006,-108.4386,COAL,0.29132,1848.0,4686468.7,111,34,3 miles,37.0,49.0,65.0,0.6,46.0,60.0,73.0,0.62,0.52,0.39,0.33,38.0,48.0,58.0,0.42,0.37,0.33,0.04,56.0,59.0,68.0,0.05,0.06,0.04,0.09,37.0,37.0,47.0,0.15,0.16,0.13,26.93717247791465
485,2019,ND,Milton R Young,2823,"Minnkota Power Coop, Inc",38,65.0,47.065854,-101.213093,COAL,0.73177,734.0,4689030.6,29,13,3 miles,71.0,60.0,46.0,0.1,54.0,28.0,22.0,0.15,0.25,0.39,0.28,63.0,57.0,49.0,0.26,0.28,0.33,0.0,60.0,55.0,45.0,0.01,0.02,0.04,0.11,78.0,74.0,57.0,0.08,0.08,0.13,1147.4894551023904
486,2019,WY,Dave Johnston,4158,PacifiCorp,56,9.0,42.8378,-105.7769,COAL,0.58011,922.2,4678988.7,159,61,3 miles,43.0,48.0,38.0,0.04,12.0,8.0,9.0,0.16,0.25,0.39,0.24,47.0,49.0,42.0,0.28,0.28,0.33,0.0,71.0,55.0,45.0,0.01,0.02,0.04,0.14,89.0,82.0,67.0,0.07,0.08,0.13,531.3439455729084
492,2019,OK,Northeastern,2963,Public Service Co of Oklahoma,40,131.0,36.4317,-95.7008,COAL,0.27151,1950.5,2279468.3,3069,1106,3 miles,32.0,27.0,39.0,0.27,43.0,26.0,46.0,0.34,0.52,0.39,0.35,47.0,50.0,60.0,0.37,0.37,0.33,0.02,68.0,44.0,53.0,0.02,0.06,0.04,0.1,50.0,43.0,55.0,0.12,0.16,0.13,276.03837237688435
493,2019,IN,Merom,6213,"Hoosier Energy R E C, Inc",18,153.0,39.0694,-87.5108,COAL,0.48525,1080.0,4584911.2,507,184,3 miles,28.0,24.0,17.0,0.03,16.0,12.0,6.0,0.21,0.25,0.39,0.24,40.0,46.0,42.0,0.33,0.3,0.33,0.0,65.0,59.0,45.0,0.02,0.02,0.04,0.02,11.0,17.0,14.0,0.11,0.1,0.13,30.238970415738283
494,2019,TX,Welsh Power Plant,6139,Southwestern Electric Power Co,48,449.0,33.05522,-94.839993,COAL,0.30992,1674.0,4535993.2,922,370,3 miles,31.0,33.0,48.0,0.33,25.0,33.0,52.0,0.58,0.52,0.39,0.32,49.0,45.0,55.0,0.35,0.37,0.33,0.07,61.0,70.0,77.0,0.08,0.06,0.04,0.1,41.0,41.0,52.0,0.17,0.16,0.13,28.762994719133147
512,2019,WV,Mount Storm Power Station,3954,Virginia Electric & Power Co,54,23.0,39.2008,-79.2636,COAL,0.30786,1680.9,4511310.1,215,82,3 miles,63.0,57.0,46.0,0.02,36.0,10.0,5.0,0.08,0.33,0.39,0.32,35.0,65.0,56.0,0.39,0.27,0.33,0.0,88.0,55.0,45.0,0.0,0.03,0.04,0.23,88.0,90.0,84.0,0.13,0.1,0.13,760.6491749031798
513,2019,IL,Joppa Steam,887,Electric Energy Inc,17,127.0,37.2094,-88.858889,COAL,0.45802,1099.8,4364289.9,1034,358,3 miles,46.0,54.0,40.0,0.06,15.0,27.0,14.0,0.38,0.25,0.39,0.38,69.0,68.0,64.0,0.29,0.3,0.33,0.0,44.0,59.0,45.0,0.05,0.02,0.04,0.17,77.0,83.0,74.0,0.11,0.1,0.13,300.68734618733976
530,2019,WI,Weston,4078,Wisconsin Public Service Corp,55,73.0,44.8606,-89.6553,COAL,0.43262,1163.4,4384506.3,11452,4470,3 miles,10.0,14.0,10.0,0.06,33.0,26.0,13.0,0.18,0.25,0.39,0.17,29.0,29.0,27.0,0.28,0.3,0.33,0.0,61.0,59.0,45.0,0.02,0.02,0.04,0.03,26.0,24.0,20.0,0.08,0.1,0.13,62.6551863021573
542,2019,IN,Alcoa Allowance Management Inc,6705,AGC Division of APG Inc,18,173.0,37.915,-87.3328,COAL,0.58472,822.8,4193419.0,1342,530,3 miles,17.0,12.0,9.0,0.05,28.0,23.0,11.0,0.21,0.25,0.39,0.15,21.0,26.0,24.0,0.33,0.3,0.33,0.0,65.0,59.0,45.0,0.02,0.02,0.04,0.08,43.0,52.0,44.0,0.11,0.1,0.13,489.1066734938845
544,2019,TN,Gallatin,3403,Tennessee Valley Authority,47,165.0,36.3156,-86.4006,COAL,0.24742,1918.4,4049090.0,4834,1728,3 miles,3.0,2.0,1.0,0.09,36.0,17.0,20.0,0.26,0.39,0.39,0.18,20.0,20.0,30.0,0.36,0.36,0.33,0.03,82.0,68.0,61.0,0.02,0.03,0.04,0.08,35.0,38.0,46.0,0.13,0.13,0.13,188.78926566284736
566,2019,AR,John W. Turk Jr. Power Plant,56564,Southwestern Electric Power Co,5,57.0,33.649722,-93.811944,COAL,0.7526,609.0,4011633.8,450,200,3 miles,68.0,47.0,63.0,0.36,71.0,37.0,55.0,0.27,0.52,0.39,0.43,57.0,63.0,71.0,0.4,0.37,0.33,0.02,75.0,44.0,53.0,0.02,0.06,0.04,0.1,37.0,41.0,52.0,0.14,0.16,0.13,16.85147552379815
580,2019,IN,Edwardsport Generating Station,1004,"Duke Energy Indiana, LLC",18,83.0,38.8067,-87.2472,COAL,0.47913,948.7,3000140.11,560,234,3 miles,62.0,58.0,44.0,0.02,12.0,8.0,4.0,0.21,0.25,0.39,0.32,54.0,59.0,55.0,0.33,0.3,0.33,0.0,65.0,59.0,45.0,0.02,0.02,0.04,0.1,54.0,63.0,54.0,0.11,0.1,0.13,32.70219520293931
584,2019,OH,W H Sammis,2866,FirstEnergy Generation Corp,39,81.0,40.5317,-80.6319,COAL,0.18302,2468.1,3939201.1,4124,1617,3 miles,50.0,44.0,32.0,0.02,13.0,9.0,4.0,0.21,0.25,0.39,0.35,61.0,64.0,60.0,0.32,0.3,0.33,0.0,68.0,59.0,45.0,0.01,0.02,0.04,0.16,80.0,80.0,70.0,0.1,0.1,0.13,4851.409527671396
609,2019,AR,Plum Point Energy Station,56456,NRG Energy Services - Plum Point,5,93.0,35.6644,-89.9489,COAL,0.62541,720.0,3933048.2,2727,1111,3 miles,89.0,71.0,82.0,0.74,92.0,70.0,80.0,0.27,0.52,0.39,0.61,84.0,84.0,89.0,0.4,0.37,0.33,0.0,69.0,36.0,45.0,0.02,0.06,0.04,0.24,86.0,76.0,85.0,0.14,0.16,0.13,213.23445524663762
620,2019,MI,St. Clair,1743,DTE Electric Company,26,147.0,42.7642,-82.4719,COAL,0.2309,1928.6,3837220.187,4265,1886,3 miles,37.0,41.0,30.0,0.04,14.0,17.0,8.0,0.25,0.25,0.39,0.27,47.0,52.0,47.0,0.33,0.3,0.33,0.0,64.0,60.0,45.0,0.02,0.02,0.04,0.08,52.0,52.0,44.0,0.09,0.1,0.13,10.100781233511498
623,2019,FL,Big Bend,645,Tampa Electric Co,12,57.0,27.7944,-82.4036,COAL,0.13422,3308.4,1121880.3,23121,8604,3 miles,54.0,60.0,64.0,0.38,47.0,56.0,57.0,0.46,0.39,0.39,0.25,35.0,33.0,44.0,0.35,0.36,0.33,0.02,38.0,61.0,54.0,0.07,0.03,0.04,0.09,46.0,40.0,48.0,0.12,0.13,0.13,111.21117591776307
626,2019,MO,Sioux,2107,Union Electric Co - (MO),29,183.0,38.915479,-90.290247,COAL,0.40345,1099.4,3881449.7,2201,881,3 miles,17.0,14.0,9.0,0.05,24.0,23.0,11.0,0.2,0.2,0.39,0.23,34.0,37.0,38.0,0.33,0.31,0.33,0.0,72.0,66.0,45.0,0.01,0.02,0.04,0.06,36.0,43.0,35.0,0.1,0.09,0.13,397.1299121213473
628,2019,FL,Northside,667,JEA,12,31.0,30.4172,-81.5525,COAL,0.31463,1407.1,693367.08,3412,1188,3 miles,18.0,22.0,21.0,0.27,34.0,45.0,46.0,0.46,0.39,0.39,0.25,35.0,32.0,44.0,0.35,0.36,0.33,0.01,30.0,52.0,46.0,0.07,0.03,0.04,0.08,42.0,38.0,45.0,0.12,0.13,0.13,345.42746740544237
630,2019,WI,South Oak Creek,4041,Wisconsin Electric Power Co,55,79.0,42.8457,-87.8294,COAL,0.34493,1259.6,3790172.2,8956,3465,3 miles,27.0,31.0,22.0,0.19,71.0,58.0,36.0,0.18,0.25,0.39,0.12,17.0,19.0,18.0,0.28,0.3,0.33,0.0,61.0,59.0,45.0,0.02,0.02,0.04,0.07,54.0,47.0,40.0,0.08,0.1,0.13,2.621782433082502
632,2019,IA,Ottumwa,6254,Interstate Power and Light Co,19,179.0,41.0961,-92.555833,COAL,0.59613,725.9,3781463.5,337,123,3 miles,39.0,40.0,30.0,0.01,7.0,4.0,2.0,0.14,0.2,0.39,0.11,12.0,14.0,15.0,0.29,0.31,0.33,0.0,66.0,66.0,45.0,0.02,0.02,0.04,0.04,34.0,29.0,24.0,0.08,0.09,0.13,47.69467061252696
634,2019,UT,Bonanza,7790,Deseret Generation & Tran Coop,49,47.0,40.0864,-109.2844,COAL,0.70009,609.5,3735202.5,0,0,3 miles,,,,,,,,0.21,0.25,0.39,,,,,0.28,0.28,0.33,,,,,0.02,0.02,0.04,,,,,0.08,0.08,0.13,514.0969364850382
635,2019,TX,Harrington Station,6193,Southwestern Public Service Co,48,375.0,35.29816,-101.747187,COAL,0.39481,1080.0,3677455.5,669,259,3 miles,40.0,45.0,61.0,0.29,21.0,28.0,48.0,0.58,0.52,0.39,0.37,56.0,54.0,63.0,0.35,0.37,0.33,0.04,47.0,57.0,66.0,0.08,0.06,0.04,0.08,35.0,34.0,44.0,0.17,0.16,0.13,65.8549883971628
636,2019,OK,Sooner,6095,Oklahoma Gas & Electric Co,40,103.0,36.45307,-97.05279,COAL,0.19736,2088.0,3599758.4,249,89,3 miles,79.0,55.0,70.0,0.54,85.0,54.0,69.0,0.34,0.52,0.39,0.4,57.0,58.0,67.0,0.37,0.37,0.33,0.01,60.0,39.0,48.0,0.02,0.06,0.04,0.12,59.0,49.0,61.0,0.12,0.16,0.13,545.4824481158835
638,2019,ND,Leland Olds,2817,Basin Electric Power Coop,38,57.0,47.280769,-101.321213,COAL,0.6274,656.0,3601781.742,41,20,3 miles,34.0,36.0,28.0,0.03,11.0,4.0,6.0,0.15,0.25,0.39,0.15,28.0,26.0,23.0,0.26,0.28,0.33,0.02,81.0,71.0,56.0,0.01,0.02,0.04,0.08,63.0,65.0,47.0,0.08,0.08,0.13,1292.8610374524133
639,2019,OH,W H Zimmer Generating Station,6019,Dynegy W H Zimmer,39,25.0,38.8675,-84.2289,COAL,0.28421,1425.6,3499583.85,1808,659,3 miles,36.0,30.0,22.0,0.03,17.0,12.0,6.0,0.21,0.25,0.39,0.27,47.0,50.0,46.0,0.32,0.3,0.33,0.0,68.0,59.0,45.0,0.01,0.02,0.04,0.14,74.0,75.0,65.0,0.1,0.1,0.13,613.6898228698078
641,2019,PR,AES Puerto Rico,61082,AES Puerto Rico LP,72,57.0,17.947115,-66.1499,COAL,0.79065,510.0,3532311.0,16190,4997,3 miles,,,,0.99,22.0,,,0.99,,,0.82,64.0,,,0.73,,,0.81,79.0,,,0.69,,,0.22,46.0,,,0.25,,,232.51208729002164
648,2019,IN,Cayuga,1001,"Duke Energy Indiana, LLC",18,165.0,39.9242,-87.4244,COAL,0.33853,1184.9,3500084.2,1750,658,3 miles,54.0,49.0,37.0,0.02,16.0,11.0,5.0,0.21,0.25,0.39,0.33,57.0,62.0,58.0,0.33,0.3,0.33,0.0,65.0,59.0,45.0,0.02,0.02,0.04,0.09,48.0,58.0,50.0,0.11,0.1,0.13,496.048561950351
650,2019,IA,Louisa,6664,MidAmerican Energy Co,19,115.0,41.3181,-91.0931,COAL,0.47051,811.9,3321280.08,1070,420,3 miles,50.0,47.0,36.0,0.09,54.0,42.0,20.0,0.14,0.2,0.39,0.27,52.0,47.0,47.0,0.29,0.31,0.33,0.0,66.0,66.0,45.0,0.02,0.02,0.04,0.15,85.0,79.0,67.0,0.08,0.09,0.13,84.40427838962947
657,2019,TN,Kingston,3407,Tennessee Valley Authority,47,145.0,35.8992,-84.5194,COAL,0.22294,1700.0,3307247.2,10638,4510,3 miles,46.0,34.0,36.0,0.1,37.0,17.0,20.0,0.26,0.39,0.39,0.34,47.0,48.0,58.0,0.36,0.36,0.33,0.0,67.0,51.0,45.0,0.02,0.03,0.04,0.13,55.0,57.0,63.0,0.13,0.13,0.13,346.31358747362407
659,2019,LA,Big Cajun 2,6055,Louisiana Generating LLC,22,77.0,30.7261,-91.3692,COAL,0.14195,2632.9,1785689.53,695,253,3 miles,25.0,20.0,28.0,0.26,41.0,24.0,44.0,0.41,0.52,0.39,0.13,8.0,15.0,19.0,0.39,0.37,0.33,0.0,62.0,36.0,45.0,0.02,0.06,0.04,0.1,37.0,42.0,54.0,0.15,0.16,0.13,34.839552870240155
660,2019,TX,Coleto Creek,6178,Coleto Creek Power LP,48,175.0,28.7128,-97.214167,COAL,0.59164,622.4,3224597.29,737,262,3 miles,25.0,27.0,39.0,0.31,23.0,31.0,50.0,0.58,0.52,0.39,0.23,34.0,30.0,39.0,0.35,0.37,0.33,0.01,28.0,38.0,47.0,0.08,0.06,0.04,0.03,15.0,14.0,18.0,0.17,0.16,0.13,148.53351418173935
665,2019,IL,E D Edwards,856,Illinois Power Resources Generating LLC,17,143.0,40.5958,-89.6631,COAL,0.46998,780.3,3206908.6,24024,10245,3 miles,31.0,35.0,26.0,0.04,10.0,18.0,9.0,0.38,0.25,0.39,0.34,64.0,62.0,58.0,0.29,0.3,0.33,0.0,44.0,59.0,45.0,0.05,0.02,0.04,0.1,59.0,64.0,54.0,0.11,0.1,0.13,94.42330390231453
668,2019,IL,Newton,6017,Illinois Power Generating Co,17,79.0,38.9361,-88.2781,COAL,0.29594,1234.8,3197182.568,249,89,3 miles,30.0,34.0,25.0,0.01,2.0,4.0,2.0,0.38,0.25,0.39,0.04,4.0,3.0,4.0,0.29,0.3,0.33,0.0,44.0,59.0,45.0,0.05,0.02,0.04,0.05,32.0,33.0,28.0,0.11,0.1,0.13,286.16406041849166
688,2019,KY,East Bend,6018,Duke Energy Kentucky Inc,21,15.0,38.9036,-84.8514,COAL,0.46808,772.0,3156562.9,1763,683,3 miles,28.0,22.0,22.0,0.05,34.0,9.0,11.0,0.15,0.39,0.39,0.23,27.0,28.0,39.0,0.38,0.36,0.33,0.0,73.0,51.0,45.0,0.01,0.03,0.04,0.13,52.0,59.0,64.0,0.14,0.13,0.13,569.1718831371486
690,2019,IL,Kincaid Generating Station,876,Dynegy Kincaid Generation,17,21.0,39.590556,-89.496389,COAL,0.26959,1319.0,3109175.0,532,229,3 miles,49.0,58.0,44.0,0.02,6.0,10.0,5.0,0.38,0.25,0.39,0.37,68.0,67.0,63.0,0.29,0.3,0.33,0.01,47.0,63.0,48.0,0.05,0.02,0.04,0.12,65.0,70.0,60.0,0.11,0.1,0.13,38.21028358597923
691,2019,MO,Hawthorn,2079,Evergy Metro,29,95.0,39.1306,-94.4778,COAL,0.33741,1046.2,2899680.9,26455,10221,3 miles,90.0,92.0,74.0,0.49,87.0,89.0,65.0,0.2,0.2,0.39,0.61,90.0,91.0,89.0,0.33,0.31,0.33,0.1,97.0,94.0,84.0,0.01,0.02,0.04,0.28,95.0,95.0,89.0,0.1,0.09,0.13,120.18794755194521
694,2019,TX,H W Pirkey Power Plant,7902,Southwestern Electric Power Co,48,203.0,32.4607,-94.4852,COAL,0.48625,721.0,3060229.7,236,76,3 miles,36.0,40.0,56.0,0.27,18.0,25.0,45.0,0.58,0.52,0.39,0.38,57.0,55.0,64.0,0.35,0.37,0.33,0.0,26.0,36.0,45.0,0.08,0.06,0.04,0.1,42.0,41.0,53.0,0.17,0.16,0.13,65.23245383265775
697,2019,WY,Naughton,4162,PacifiCorp,56,23.0,41.7581,-110.5983,COAL,0.38976,832.0,2813174.1,402,174,3 miles,26.0,37.0,28.0,0.12,45.0,32.0,24.0,0.16,0.25,0.39,0.21,39.0,42.0,36.0,0.28,0.28,0.33,0.02,82.0,73.0,59.0,0.01,0.02,0.04,0.07,55.0,57.0,39.0,0.07,0.08,0.13,60.69638364531069
703,2019,AZ,Cholla,113,Arizona Public Service Co,4,17.0,34.9394,-110.3033,COAL,0.28142,1128.8,2778635.8,1374,429,3 miles,50.0,35.0,57.0,0.38,48.0,26.0,57.0,0.45,0.6,0.39,0.31,48.0,53.0,54.0,0.36,0.33,0.33,0.02,53.0,30.0,57.0,0.04,0.08,0.04,0.04,24.0,20.0,23.0,0.13,0.16,0.13,222.1204995686493
724,2019,TX,Tolk Station,6194,Southwestern Public Service Co,48,279.0,34.186494,-102.56999,COAL,0.27556,1135.8,2704226.4,17,6,3 miles,47.0,53.0,68.0,0.55,47.0,55.0,69.0,0.58,0.52,0.39,0.43,64.0,63.0,72.0,0.35,0.37,0.33,0.08,65.0,73.0,80.0,0.08,0.06,0.04,0.25,73.0,77.0,86.0,0.17,0.16,0.13,40.37334487408171
725,2019,IL,Coffeen,861,Illinois Power Generating Co,17,135.0,39.0586,-89.4031,COAL,0.30456,1005.4,2676921.041,940,378,3 miles,48.0,56.0,43.0,0.07,16.0,28.0,14.0,0.38,0.25,0.39,0.45,77.0,77.0,74.0,0.29,0.3,0.33,0.0,44.0,59.0,45.0,0.05,0.02,0.04,0.19,81.0,86.0,77.0,0.11,0.1,0.13,29.84869853537923
737,2019,FL,Crist Electric Generating Plant,641,Gulf Power Co,12,33.0,30.5661,-87.2244,COAL,0.24786,1228.8,2565318.9,21040,7676,3 miles,31.0,37.0,39.0,0.25,32.0,42.0,44.0,0.46,0.39,0.39,0.32,48.0,45.0,56.0,0.35,0.36,0.33,0.01,34.0,57.0,50.0,0.07,0.03,0.04,0.05,24.0,21.0,27.0,0.12,0.13,0.13,328.8426359217402
738,2019,KY,D B Wilson,6823,Big Rivers Electric Corp,21,183.0,37.4497,-87.0806,COAL,0.5915,509.4,2627690.0,342,127,3 miles,44.0,33.0,34.0,0.07,44.0,13.0,15.0,0.15,0.39,0.39,0.36,49.0,52.0,62.0,0.38,0.36,0.33,0.02,81.0,63.0,56.0,0.01,0.03,0.04,0.14,56.0,62.0,67.0,0.14,0.13,0.13,4.712833482226002
739,2019,SD,Big Stone,6098,Otter Tail Power Co,46,51.0,45.303652,-96.510067,COAL,0.66293,451.0,2617071.3,964,492,3 miles,65.0,65.0,49.0,0.07,34.0,16.0,15.0,0.18,0.25,0.39,0.33,62.0,66.0,57.0,0.31,0.28,0.33,0.0,66.0,55.0,45.0,0.01,0.02,0.04,0.11,72.0,74.0,57.0,0.08,0.08,0.13,31.880755153699962
742,2019,TX,Oklaunion Power Station,127,Public Service Co of Oklahoma,48,487.0,34.0825,-99.1753,COAL,0.41253,720.0,2595885.9,44,17,3 miles,24.0,25.0,36.0,0.13,5.0,9.0,26.0,0.58,0.52,0.39,0.23,35.0,31.0,40.0,0.35,0.37,0.33,0.0,26.0,36.0,45.0,0.08,0.06,0.04,0.1,43.0,43.0,54.0,0.17,0.16,0.13,52.43784598529505
754,2019,PA,"Brunner Island, LLC",3140,Brunner Island LLC,42,133.0,40.096111,-76.6962,COAL,0.18187,1624.2,1412772.9,13853,5471,3 miles,30.0,21.0,16.0,0.08,39.0,25.0,17.0,0.23,0.33,0.39,0.25,49.0,52.0,43.0,0.29,0.27,0.33,0.0,58.0,55.0,45.0,0.02,0.03,0.04,0.13,72.0,69.0,62.0,0.1,0.1,0.13,747.5750494922952
796,2019,OR,Boardman,6106,Portland General Electric Co,41,49.0,45.693182,-119.808819,COAL,0.45754,642.2,2569159.5,0,0,3 miles,,,,,,,,0.24,0.28,0.39,,,,,0.33,0.3,0.33,,,,,0.03,0.03,0.04,,,,,0.1,0.09,0.13,395.4398449658573
798,2019,CO,Hayden,525,Public Service Co of Colorado,8,107.0,40.4856,-107.185,COAL,0.63058,465.4,2568567.2,144,65,3 miles,45.0,50.0,39.0,0.07,7.0,17.0,16.0,0.32,0.25,0.39,0.2,45.0,39.0,34.0,0.27,0.28,0.33,0.0,46.0,55.0,45.0,0.03,0.02,0.04,0.03,36.0,33.0,20.0,0.09,0.08,0.13,325.60196457984193
799,2019,WY,Dry Fork Station,56609,Basin Electric Power Coop,56,5.0,44.388889,-105.460833,COAL,0.60548,483.7,2561900.2,47,17,3 miles,2.0,14.0,10.0,0.06,20.0,14.0,13.0,0.16,0.25,0.39,0.26,51.0,53.0,45.0,0.28,0.28,0.33,0.0,71.0,55.0,45.0,0.01,0.02,0.04,0.06,46.0,51.0,33.0,0.07,0.08,0.13,3.1232203546778043
800,2019,SC,Williams,3298,"South Carolina Genertg Co, Inc",45,15.0,33.0158,-79.9297,COAL,0.40916,713.5,2546262.5,122,34,3 miles,32.0,29.0,30.0,0.25,38.0,41.0,43.0,0.36,0.39,0.39,0.13,10.0,11.0,19.0,0.36,0.36,0.33,0.0,63.0,51.0,45.0,0.01,0.03,0.04,0.08,38.0,36.0,44.0,0.13,0.13,0.13,1364.4399699951964
801,2019,CO,Pawnee,6248,Public Service Co of Colorado,8,87.0,40.2217,-103.6803,COAL,0.51882,552.3,2503799.9,783,295,3 miles,55.0,60.0,46.0,0.27,51.0,66.0,45.0,0.32,0.25,0.39,0.25,54.0,50.0,42.0,0.27,0.28,0.33,0.04,77.0,82.0,69.0,0.03,0.02,0.04,0.16,81.0,84.0,70.0,0.09,0.08,0.13,175.40906656678348
802,2019,IN,A B Brown Generating Station,6137,Southern Indiana Gas & Elec Co,18,129.0,37.9053,-87.715,COAL,0.39892,706.8,2426914.1,1411,556,3 miles,42.0,37.0,27.0,0.02,12.0,8.0,4.0,0.21,0.25,0.39,0.25,40.0,46.0,42.0,0.33,0.3,0.33,0.0,65.0,59.0,45.0,0.02,0.02,0.04,0.08,44.0,54.0,46.0,0.11,0.1,0.13,347.31181931787796
811,2019,KS,Lawrence Energy Center,1250,"Evergy Kansas Central, Inc",20,45.0,39.0072,-95.269167,COAL,0.45768,604.0,2385153.1,25743,10962,3 miles,26.0,30.0,22.0,0.17,51.0,63.0,33.0,0.24,0.2,0.39,0.27,47.0,47.0,47.0,0.31,0.31,0.33,0.01,61.0,69.0,48.0,0.03,0.02,0.04,0.04,34.0,30.0,24.0,0.09,0.09,0.13,107.64174743202335
814,2019,TX,Twin Oaks,7030,"Major Oak Power, LLC",48,395.0,31.091925,-96.69503,COAL,0.29031,949.2,2409732.2,201,76,3 miles,30.0,32.0,47.0,0.17,9.0,14.0,32.0,0.58,0.52,0.39,0.28,43.0,39.0,49.0,0.35,0.37,0.33,0.0,26.0,36.0,45.0,0.08,0.06,0.04,0.14,52.0,53.0,65.0,0.17,0.16,0.13,428.16905939286653
819,2019,AR,Flint Creek Power Plant,6138,Southwestern Electric Power Co,5,7.0,36.2561,-94.5241,COAL,0.48626,558.0,2371680.3,6097,2283,3 miles,44.0,29.0,43.0,0.18,49.0,15.0,33.0,0.27,0.52,0.39,0.43,56.0,62.0,71.0,0.4,0.37,0.33,0.04,85.0,59.0,68.0,0.02,0.06,0.04,0.11,41.0,44.0,56.0,0.14,0.16,0.13,7.585130304918238
827,2019,MS,Red Hills Generation Facility,55076,"Choctaw Generation L.P, L.L.L.P.",28,19.0,33.3761,-89.2183,COAL,0.52597,513.7,2362539.23,432,170,3 miles,27.0,36.0,39.0,0.18,24.0,32.0,34.0,0.43,0.39,0.39,0.25,20.0,31.0,42.0,0.43,0.36,0.33,0.0,80.0,51.0,45.0,0.01,0.03,0.04,0.24,79.0,85.0,84.0,0.16,0.13,0.13,170.1311288964335
829,2019,KY,R D Green,6639,Big Rivers Electric Corp,21,233.0,37.6461,-87.5,COAL,0.45672,586.0,2332829.8,941,335,3 miles,61.0,44.0,47.0,0.16,68.0,28.0,31.0,0.15,0.39,0.39,0.42,58.0,62.0,70.0,0.38,0.36,0.33,0.03,85.0,68.0,61.0,0.01,0.03,0.04,0.16,60.0,66.0,70.0,0.14,0.13,0.13,432.8274676451215
830,2019,IL,Powerton,879,Midwest Generations EME LLC,17,179.0,40.5408,-89.6786,COAL,0.14926,1785.6,2326413.0,15229,6307,3 miles,38.0,44.0,33.0,0.08,18.0,32.0,17.0,0.38,0.25,0.39,0.32,60.0,59.0,55.0,0.29,0.3,0.33,0.0,44.0,59.0,45.0,0.05,0.02,0.04,0.12,67.0,72.0,62.0,0.11,0.1,0.13,811.9962103656297
836,2019,OH,Conesville,2840,AEP Generation Resources Inc,39,31.0,40.1842,-81.8811,COAL,0.12129,2174.8,2301454.1,1152,483,3 miles,55.0,48.0,36.0,0.0,5.0,3.0,1.0,0.21,0.25,0.39,0.37,63.0,67.0,63.0,0.32,0.3,0.33,0.0,68.0,59.0,45.0,0.01,0.02,0.04,0.08,53.0,55.0,46.0,0.1,0.1,0.13,2962.6362492400217
840,2019,IL,Duck Creek,6016,Illinois Power Resources Generating LLC,17,57.0,40.4663,-89.9841,COAL,0.58016,441.0,2236947.2,205,89,3 miles,43.0,51.0,38.0,0.03,6.0,11.0,5.0,0.38,0.25,0.39,0.38,69.0,68.0,64.0,0.29,0.3,0.33,0.0,44.0,59.0,45.0,0.05,0.02,0.04,0.13,67.0,72.0,62.0,0.11,0.1,0.13,46.5744044151903
842,2019,MD,Brandon Shores,602,Brandon Shores LLC,24,3.0,39.18,-76.5389,COAL,0.18591,1370.2,2206360.7,32278,11790,3 miles,5.0,9.0,7.0,0.19,24.0,45.0,35.0,0.49,0.33,0.39,0.14,39.0,29.0,22.0,0.22,0.27,0.33,0.01,53.0,61.0,50.0,0.03,0.03,0.04,0.09,59.0,55.0,49.0,0.1,0.1,0.13,99.47604070622317
843,2019,AZ,Coronado Generating Station,6177,Salt River Project,4,1.0,34.5789,-109.2708,COAL,0.28823,821.8,2063038.829,3,1,3 miles,46.0,32.0,54.0,0.19,18.0,7.0,35.0,0.45,0.6,0.39,0.41,61.0,66.0,68.0,0.36,0.33,0.33,0.0,36.0,20.0,45.0,0.04,0.08,0.04,0.02,14.0,11.0,13.0,0.13,0.16,0.13,339.4540623988021
844,2019,TX,San Miguel,6183,"San Miguel Electric Coop, Inc",48,13.0,28.7044,-98.4775,COAL,0.57687,410.0,2067068.3,1,1,3 miles,32.0,35.0,50.0,0.33,25.0,33.0,52.0,0.58,0.52,0.39,0.2,29.0,25.0,33.0,0.35,0.37,0.33,0.02,34.0,44.0,54.0,0.08,0.06,0.04,0.27,76.0,80.0,88.0,0.17,0.16,0.13,66.02980816625869
845,2019,ND,Coyote,8222,Otter Tail Power Co,38,57.0,47.221447,-101.815722,COAL,0.52302,450.0,2055079.2,144,64,3 miles,68.0,58.0,45.0,0.07,33.0,15.0,14.0,0.15,0.25,0.39,0.22,47.0,44.0,38.0,0.26,0.28,0.33,0.0,60.0,55.0,45.0,0.01,0.02,0.04,0.03,23.0,29.0,17.0,0.08,0.08,0.13,265.2354510723132
846,2019,SC,Wateree,3297,"Dominion Energy South Carolina, Inc",45,79.0,33.8264,-80.6228,COAL,0.30487,771.8,2049762.0,114,42,3 miles,84.0,78.0,80.0,0.76,90.0,83.0,81.0,0.36,0.39,0.39,0.53,79.0,79.0,83.0,0.36,0.36,0.33,0.0,62.0,51.0,45.0,0.01,0.03,0.04,0.37,97.0,97.0,94.0,0.13,0.13,0.13,1773.3180328151434
847,2019,CO,Rawhide Energy Station,6761,Platte River Power Authority,8,69.0,40.860905,-105.021207,COAL,0.2906,800.4,1964991.1,108,45,3 miles,19.0,21.0,17.0,0.14,24.0,40.0,29.0,0.32,0.25,0.39,0.14,29.0,23.0,21.0,0.27,0.28,0.33,0.01,52.0,61.0,48.0,0.03,0.02,0.04,0.08,64.0,64.0,46.0,0.09,0.08,0.13,141.64196342208763
848,2019,NE,North Omaha Station,2291,Omaha Public Power District,31,55.0,41.32909,-95.94466,COAL,0.3317,644.7,1797866.9,38348,14610,3 miles,89.0,90.0,71.0,0.59,92.0,92.0,72.0,0.21,0.2,0.39,0.54,87.0,85.0,83.0,0.29,0.31,0.33,0.04,80.0,86.0,68.0,0.03,0.02,0.04,0.16,84.0,82.0,71.0,0.09,0.09,0.13,79.28555428010621
849,2019,PA,Seward,3130,Seward Generating LLC,42,63.0,40.40625,-79.03366,COAL,0.2653,803.2,1857997.8,2449,1078,3 miles,30.0,21.0,15.0,0.02,15.0,10.0,5.0,0.23,0.33,0.39,0.33,65.0,66.0,57.0,0.29,0.27,0.33,0.0,57.0,55.0,45.0,0.02,0.03,0.04,0.13,73.0,69.0,63.0,0.1,0.1,0.13,107.05681293719773
850,2019,IL,Dallman,963,City of Springfield - (IL),17,167.0,39.754803,-89.602389,COAL,0.34256,617.8,1838642.1,31306,11951,3 miles,62.0,74.0,59.0,0.36,57.0,75.0,55.0,0.38,0.25,0.39,0.38,70.0,69.0,65.0,0.29,0.3,0.33,0.0,44.0,59.0,45.0,0.05,0.02,0.04,0.11,62.0,66.0,57.0,0.11,0.1,0.13,87.5741849372464
851,2019,SC,Cope Station,7210,"Dominion Energy South Carolina, Inc",45,75.0,33.3644,-81.03,COAL,0.50652,417.3,917743.94,737,262,3 miles,73.0,68.0,70.0,0.52,74.0,69.0,68.0,0.36,0.39,0.39,0.49,73.0,73.0,78.0,0.36,0.36,0.33,0.0,62.0,51.0,45.0,0.01,0.03,0.04,0.2,78.0,78.0,79.0,0.13,0.13,0.13,297.2062317502078
853,2019,WY,Wyodak,6101,PacifiCorp,56,5.0,44.290128,-105.381482,COAL,0.5252,402.3,1848319.0,2266,811,3 miles,93.0,80.0,62.0,0.26,85.0,66.0,45.0,0.16,0.25,0.39,0.45,87.0,81.0,73.0,0.28,0.28,0.33,0.01,75.0,65.0,51.0,0.01,0.02,0.04,0.1,76.0,72.0,54.0,0.07,0.08,0.13,75.24707860007828
858,2019,MI,Dan E Karn,1702,Consumers Energy Co,26,17.0,43.644996,-83.840074,COAL,0.10674,1946.3,1718581.906,11438,4896,3 miles,49.0,53.0,40.0,0.12,46.0,44.0,24.0,0.25,0.25,0.39,0.36,62.0,66.0,62.0,0.33,0.3,0.33,0.0,63.0,59.0,45.0,0.02,0.02,0.04,0.13,75.0,74.0,64.0,0.09,0.1,0.13,24.163697891031532
859,2019,GA,Wansley (6052),6052,Georgia Power Co,13,149.0,33.41342,-85.032329,COAL,0.10593,1956.8,1805220.4,672,254,3 miles,29.0,31.0,32.0,0.07,6.0,14.0,16.0,0.47,0.39,0.39,0.44,65.0,65.0,72.0,0.36,0.36,0.33,0.01,53.0,53.0,47.0,0.03,0.03,0.04,0.17,68.0,69.0,73.0,0.13,0.13,0.13,78.6055779540207
864,2019,MO,John Twitty Energy Center,6195,City Utilities of Springfield - (MO),29,77.0,37.151706,-93.38804,COAL,0.33792,603.0,1732531.5,27098,10965,3 miles,22.0,18.0,12.0,0.15,58.0,56.0,29.0,0.2,0.2,0.39,0.31,50.0,55.0,54.0,0.33,0.31,0.33,0.01,75.0,69.0,47.0,0.01,0.02,0.04,0.06,35.0,42.0,35.0,0.1,0.09,0.13,103.00872904362905
865,2019,MN,Allen S King,1915,Northern States Power Co - Minnesota,27,163.0,45.03,-92.7786,COAL,0.33178,598.4,1736143.2,24845,9411,3 miles,28.0,28.0,20.0,0.12,49.0,45.0,25.0,0.2,0.25,0.39,0.17,40.0,30.0,28.0,0.25,0.3,0.33,0.0,56.0,59.0,45.0,0.02,0.02,0.04,0.04,42.0,30.0,25.0,0.07,0.1,0.13,208.503686456944
866,2019,MD,Morgantown,1573,GenOn Mid-Atlantic LLC,24,17.0,38.3592,-76.9767,COAL,0.12812,1548.0,1736787.0,1757,621,3 miles,52.0,67.0,56.0,0.34,40.0,62.0,53.0,0.49,0.33,0.39,0.33,77.0,67.0,57.0,0.22,0.27,0.33,0.0,47.0,55.0,45.0,0.03,0.03,0.04,0.08,55.0,51.0,46.0,0.1,0.1,0.13,97.51498291390048
867,2019,NV,North Valmy,8224,Sierra Pacific Power Co,32,13.0,40.881317,-117.151605,COAL,0.34201,567.0,1688609.57,0,0,3 miles,,,,,,,,0.5,0.6,0.39,,,,,0.34,0.33,0.33,,,,,0.06,0.08,0.04,,,,,0.14,0.16,0.13,33.76101583445109
870,2019,IL,Marion,976,Southern Illinois Power Coop,17,199.0,37.619747,-88.953114,COAL,0.44689,422.0,1643167.8,3078,1122,3 miles,20.0,22.0,16.0,0.09,20.0,36.0,19.0,0.38,0.25,0.39,0.18,35.0,32.0,30.0,0.29,0.3,0.33,0.0,44.0,59.0,45.0,0.05,0.02,0.04,0.05,37.0,37.0,32.0,0.11,0.1,0.13,42.27209020684314
871,2019,IA,George Neal North,1091,MidAmerican Energy Co,19,193.0,42.325814,-96.381184,COAL,0.17208,1080.3,1616382.348,104,45,3 miles,51.0,48.0,37.0,0.12,61.0,50.0,25.0,0.14,0.2,0.39,0.22,39.0,37.0,38.0,0.29,0.31,0.33,0.0,66.0,66.0,45.0,0.02,0.02,0.04,0.08,61.0,53.0,43.0,0.08,0.09,0.13,52.86188806892466
873,2019,MO,Sikeston,6768,City of Sikeston - (MO),29,201.0,36.8791,-89.6209,COAL,0.70797,261.0,1616578.4,13993,5958,3 miles,75.0,76.0,56.0,0.34,82.0,82.0,53.0,0.2,0.2,0.39,0.43,70.0,74.0,72.0,0.33,0.31,0.33,0.0,72.0,66.0,45.0,0.01,0.02,0.04,0.14,71.0,77.0,65.0,0.1,0.09,0.13,154.69711479921503
874,2019,KY,Elmer Smith,1374,City of Owensboro - (KY),21,59.0,37.7942,-87.0608,COAL,0.41143,445.3,1599837.0,14268,5036,3 miles,41.0,31.0,32.0,0.13,62.0,24.0,26.0,0.15,0.39,0.39,0.41,57.0,60.0,68.0,0.38,0.36,0.33,0.02,81.0,64.0,57.0,0.01,0.03,0.04,0.12,45.0,52.0,59.0,0.14,0.13,0.13,262.2287746367338
876,2019,KS,Holcomb,108,Sunflower Electric Power Corp,20,55.0,37.9308,-100.9725,COAL,0.51383,348.7,1556718.2,0,0,3 miles,,,,,,,,0.24,0.2,0.39,,,,,0.31,0.31,0.33,,,,,0.03,0.02,0.04,,,,,0.09,0.09,0.13,41.69179636616118
877,2019,TN,Bull Run,3396,Tennessee Valley Authority,47,1.0,36.0211,-84.1567,COAL,0.18641,950.0,1539984.0,11206,4364,3 miles,29.0,21.0,20.0,0.1,39.0,19.0,22.0,0.26,0.39,0.39,0.26,32.0,34.0,45.0,0.36,0.36,0.33,0.0,67.0,51.0,45.0,0.02,0.03,0.04,0.11,45.0,48.0,55.0,0.13,0.13,0.13,65.08444071933332
879,2019,OK,Muskogee,2952,Oklahoma Gas & Electric Co,40,101.0,35.76135,-95.28732,COAL,0.09373,1889.0,668704.86,7824,3036,3 miles,66.0,46.0,62.0,0.4,70.0,40.0,58.0,0.34,0.52,0.39,0.33,45.0,48.0,58.0,0.37,0.37,0.33,0.02,76.0,50.0,59.0,0.02,0.06,0.04,0.13,60.0,50.0,62.0,0.12,0.16,0.13,282.22926683084023
880,2019,IA,George Neal South,7343,MidAmerican Energy Co,19,193.0,42.3006,-96.3617,COAL,0.2532,695.9,1534430.97,284,128,3 miles,46.0,45.0,34.0,0.05,33.0,22.0,10.0,0.14,0.2,0.39,0.19,30.0,30.0,31.0,0.29,0.31,0.33,0.0,66.0,66.0,45.0,0.02,0.02,0.04,0.07,60.0,52.0,42.0,0.08,0.09,0.13,72.90670927046655
881,2019,WI,J P Madgett,4271,Dairyland Power Coop,55,11.0,44.303583,-91.912647,COAL,0.45275,387.0,1531049.1,932,458,3 miles,42.0,42.0,31.0,0.07,39.0,30.0,16.0,0.18,0.25,0.39,0.21,40.0,38.0,35.0,0.28,0.3,0.33,0.0,61.0,59.0,45.0,0.02,0.02,0.04,0.05,41.0,37.0,31.0,0.08,0.1,0.13,19.951581287256154
882,2019,NC,Mayo,6250,Duke Energy Progress - (NC),37,145.0,36.5278,-78.8917,COAL,0.22818,763.2,1509831.1,920,372,3 miles,51.0,50.0,54.0,0.31,49.0,49.0,50.0,0.37,0.39,0.39,0.34,50.0,49.0,59.0,0.36,0.36,0.33,0.01,58.0,57.0,50.0,0.02,0.03,0.04,0.14,60.0,59.0,65.0,0.13,0.13,0.13,295.59235802108196
883,2019,IL,Havana,891,Dynegy Midwest Generation Inc,17,125.0,40.2797,-90.08,COAL,0.23426,718.0,1468967.1,3675,1587,3 miles,57.0,68.0,52.0,0.03,7.0,12.0,6.0,0.38,0.25,0.39,0.52,84.0,84.0,81.0,0.29,0.3,0.33,0.0,44.0,59.0,45.0,0.05,0.02,0.04,0.11,60.0,65.0,55.0,0.11,0.1,0.13,0.5759674329433813
884,2019,KY,E W Brown,1355,Kentucky Utilities Co,21,167.0,37.78831,-84.71257,COAL,0.0934,1747.7,952459.6,2239,834,3 miles,24.0,19.0,18.0,0.1,55.0,19.0,22.0,0.15,0.39,0.39,0.27,33.0,36.0,47.0,0.38,0.36,0.33,0.0,74.0,51.0,45.0,0.01,0.03,0.04,0.15,59.0,65.0,69.0,0.14,0.13,0.13,1342.4730677824095
886,2019,WI,Edgewater (4050),4050,Wisconsin Power & Light Co,55,117.0,43.715142,-87.705863,COAL,0.19541,833.7,1423953.3,27546,11888,3 miles,72.0,64.0,49.0,0.25,78.0,65.0,43.0,0.18,0.25,0.39,0.32,66.0,60.0,56.0,0.28,0.3,0.33,0.01,74.0,67.0,52.0,0.02,0.02,0.04,0.1,71.0,62.0,52.0,0.08,0.1,0.13,29.21118487343155
888,2019,NE,Gerald Whelan Energy Center,60,City of Hastings - (NE),31,1.0,40.580872,-98.312437,COAL,0.49901,324.3,1416487.54,2466,874,3 miles,78.0,78.0,57.0,0.27,74.0,76.0,45.0,0.21,0.2,0.39,0.49,83.0,81.0,79.0,0.29,0.31,0.33,0.05,82.0,88.0,71.0,0.03,0.02,0.04,0.19,87.0,86.0,77.0,0.09,0.09,0.13,31.677860992056573
890,2019,MI,Trenton Channel,1745,DTE Electric Company,26,163.0,42.1217,-83.1808,COAL,0.20565,775.5,1392173.06,40916,17028,3 miles,30.0,34.0,25.0,0.1,41.0,40.0,21.0,0.25,0.25,0.39,0.2,32.0,36.0,33.0,0.33,0.3,0.33,0.01,66.0,62.0,47.0,0.02,0.02,0.04,0.06,40.0,40.0,34.0,0.09,0.1,0.13,13.209000008896055
891,2019,IN,F B Culley Generating Station,1012,Southern Indiana Gas & Elec Co,18,173.0,37.9111,-87.3275,COAL,0.37949,414.9,1354279.4,1263,505,3 miles,18.0,13.0,9.0,0.05,28.0,23.0,11.0,0.21,0.25,0.39,0.17,23.0,29.0,27.0,0.33,0.3,0.33,0.0,65.0,59.0,45.0,0.02,0.02,0.04,0.08,46.0,56.0,47.0,0.11,0.1,0.13,194.58367056720343
892,2019,HI,AES Hawaii,10673,AES Hawaii LLC,15,3.0,21.303419,-158.106528,COAL,0.74079,203.0,1301945.987,7635,2372,3 miles,,,,0.73,31.0,61.0,80.0,0.78,0.6,0.39,0.19,45.0,32.0,32.0,0.23,0.33,0.33,0.01,27.0,21.0,46.0,0.06,0.08,0.04,0.05,41.0,25.0,30.0,0.08,0.16,0.13,123.26944608379483
893,2019,NC,Asheville,2706,Duke Energy Progress - (NC),37,21.0,35.4731,-82.5417,COAL,0.10526,1425.1,1041740.3,28452,13017,3 miles,15.0,16.0,14.0,0.19,32.0,34.0,36.0,0.37,0.39,0.39,0.23,30.0,29.0,40.0,0.36,0.36,0.33,0.04,82.0,76.0,69.0,0.02,0.03,0.04,0.05,26.0,24.0,30.0,0.13,0.13,0.13,201.47003009924848
894,2019,VA,Clover Power Station,7213,Virginia Electric & Power Co,51,83.0,36.869,-78.704,COAL,0.17249,848.0,1273159.9,684,222,3 miles,69.0,72.0,62.0,0.54,73.0,76.0,69.0,0.38,0.33,0.39,0.23,53.0,49.0,40.0,0.25,0.27,0.33,0.0,52.0,55.0,45.0,0.03,0.03,0.04,0.19,82.0,85.0,77.0,0.11,0.1,0.13,194.22694912069431
896,2019,CO,Ray D Nixon,8219,City of Colorado Springs - (CO),8,41.0,38.633451,-104.70577,COAL,0.50306,282.6,1237743.2,3949,1369,3 miles,59.0,65.0,49.0,0.42,73.0,82.0,60.0,0.32,0.25,0.39,0.23,50.0,45.0,39.0,0.27,0.28,0.33,0.01,50.0,60.0,47.0,0.03,0.02,0.04,0.06,55.0,53.0,36.0,0.09,0.08,0.13,69.85813861279374
897,2019,NM,Escalante,87,"Tri-State G & T Assn, Inc",35,31.0,35.4159,-108.082,COAL,0.53713,257.0,1206120.7,76,20,3 miles,59.0,60.0,73.0,0.97,92.0,93.0,95.0,0.62,0.52,0.39,0.76,94.0,95.0,96.0,0.42,0.37,0.33,0.1,80.0,78.0,84.0,0.05,0.06,0.04,0.39,94.0,91.0,95.0,0.15,0.16,0.13,3.208158305366342
898,2019,IL,Waukegan,883,Midwest Generations EME LLC,17,97.0,42.3833,-87.8133,COAL,0.149,914.7,1179550.0,63427,20741,3 miles,86.0,93.0,84.0,0.8,83.0,91.0,84.0,0.38,0.25,0.39,0.48,80.0,80.0,77.0,0.29,0.3,0.33,0.12,85.0,94.0,86.0,0.05,0.02,0.04,0.27,89.0,93.0,88.0,0.11,0.1,0.13,127.01292152938203
899,2019,WI,Genoa,4143,Dairyland Power Coop,55,123.0,43.5589,-91.2325,COAL,0.39271,345.6,1185411.6,696,273,3 miles,67.0,61.0,46.0,0.05,30.0,23.0,12.0,0.18,0.25,0.39,0.34,69.0,62.0,59.0,0.28,0.3,0.33,0.01,65.0,61.0,46.0,0.02,0.02,0.04,0.08,63.0,54.0,46.0,0.08,0.1,0.13,14.20921181806075
900,2019,IL,Archer Daniels Midland Co.,10865,Archer Daniels Midland Co,17,115.0,39.870074,-88.890756,COAL,0.40493,335.0,1185182.6,19598,8408,3 miles,59.0,70.0,55.0,0.31,51.0,71.0,50.0,0.38,0.25,0.39,0.48,80.0,80.0,77.0,0.29,0.3,0.33,0.01,45.0,60.0,46.0,0.05,0.02,0.04,0.16,74.0,80.0,70.0,0.11,0.1,0.13,44.549835918026524
901,2019,VA,Virginia City Hybrid Energy Center,56808,Virginia Electric & Power Co,51,195.0,36.916389,-82.338055,COAL,0.20252,668.0,982824.13,2352,1037,3 miles,53.0,60.0,49.0,0.09,12.0,27.0,19.0,0.38,0.33,0.39,0.44,82.0,81.0,72.0,0.25,0.27,0.33,0.0,52.0,55.0,45.0,0.03,0.03,0.04,0.19,82.0,85.0,77.0,0.11,0.1,0.13,74.54923535235694
902,2019,LA,Dolet Hills Power Station,51,Cleco Power LLC,22,31.0,32.030556,-93.569167,COAL,0.18466,720.7,1155297.8,123,46,3 miles,86.0,75.0,85.0,0.57,70.0,57.0,71.0,0.41,0.52,0.39,0.66,86.0,88.0,92.0,0.39,0.37,0.33,0.0,62.0,36.0,45.0,0.02,0.06,0.04,0.22,74.0,71.0,81.0,0.15,0.16,0.13,13.704504857910702
903,2019,IA,Burlington (IA),1104,Interstate Power and Light Co,19,57.0,40.7412,-91.116667,COAL,0.44982,290.8,1144052.9,2721,1203,3 miles,30.0,33.0,24.0,0.07,44.0,33.0,15.0,0.14,0.2,0.39,0.16,22.0,23.0,25.0,0.29,0.31,0.33,0.01,67.0,67.0,46.0,0.02,0.02,0.04,0.08,63.0,55.0,45.0,0.08,0.09,0.13,82.45741728271209
904,2019,MD,AES Warrior Run,10678,AES WR Ltd Partnership,24,1.0,39.595171,-78.745333,COAL,0.55024,229.0,1102898.6,9303,3460,3 miles,49.0,62.0,52.0,0.17,22.0,42.0,33.0,0.49,0.33,0.39,0.46,89.0,83.0,75.0,0.22,0.27,0.33,0.01,49.0,57.0,46.0,0.03,0.03,0.04,0.13,72.0,69.0,62.0,0.1,0.1,0.13,66.37768127721094
905,2019,IN,Michigan City Generating Station,997,Northern Indiana Pub Serv Co,18,91.0,41.7208,-86.9086,COAL,0.18012,680.0,1067484.18,27845,10744,3 miles,82.0,80.0,66.0,0.39,83.0,77.0,57.0,0.21,0.25,0.39,0.46,75.0,78.0,74.0,0.33,0.3,0.33,0.0,65.0,60.0,45.0,0.02,0.02,0.04,0.14,68.0,75.0,65.0,0.11,0.1,0.13,121.82295156073786
906,2019,KS,Nearman Creek,6064,City of Kansas City - (KS),20,209.0,39.1681,-94.6975,COAL,0.18171,671.0,1054690.1,30735,11009,3 miles,79.0,83.0,63.0,0.53,88.0,90.0,68.0,0.24,0.2,0.39,0.4,70.0,70.0,67.0,0.31,0.31,0.33,0.06,85.0,90.0,74.0,0.03,0.02,0.04,0.17,84.0,83.0,73.0,0.09,0.09,0.13,143.8336092558684
907,2019,PA,"Montour, LLC",3149,TalenEnergy Montour LLC,42,93.0,41.0714,-76.6672,COAL,0.06791,1775.1,1055531.5,1886,673,3 miles,45.0,34.0,25.0,0.02,11.0,8.0,4.0,0.23,0.33,0.39,0.32,64.0,66.0,56.0,0.29,0.27,0.33,0.01,63.0,61.0,50.0,0.02,0.03,0.04,0.16,82.0,80.0,72.0,0.1,0.1,0.13,119.38526574551378
908,2019,IA,Archer Daniels Midland Cedar Rapids,10864,Archer Daniels Midland Co,19,113.0,41.9221,-91.6875,COAL,0.4074,294.6,780991.08,21295,8935,3 miles,32.0,34.0,25.0,0.15,68.0,58.0,30.0,0.14,0.2,0.39,0.33,66.0,59.0,57.0,0.29,0.31,0.33,0.02,77.0,79.0,58.0,0.02,0.02,0.04,0.09,69.0,60.0,50.0,0.08,0.09,0.13,45.6553615899601
911,2019,TN,Eastman Chemical Company,50481,Eastman Chemical Co-TN Ops,47,163.0,36.5219,-82.5431,COAL,0.61757,194.3,430502.07,27038,12012,3 miles,58.0,44.0,47.0,0.11,39.0,19.0,22.0,0.26,0.39,0.39,0.48,73.0,72.0,78.0,0.36,0.36,0.33,0.01,68.0,52.0,46.0,0.02,0.03,0.04,0.15,61.0,62.0,67.0,0.13,0.13,0.13,56.65256115856014
917,2019,NV,TS Power Plant,56224,"Nevada Gold Energy, LLC",32,11.0,40.7461,-116.5297,COAL,0.29238,409.6,1046847.2,2,1,3 miles,23.0,24.0,43.0,0.2,10.0,8.0,37.0,0.5,0.6,0.39,0.07,5.0,8.0,8.0,0.34,0.33,0.33,0.0,26.0,20.0,45.0,0.06,0.08,0.04,0.08,39.0,38.0,45.0,0.14,0.16,0.13,9.233874147042034
918,2019,AL,Charles R Lowman,56,PowerSouth Energy Cooperative,1,129.0,31.488019,-87.910747,COAL,0.0862,1264.7,947434.56,2834,1143,3 miles,71.0,66.0,69.0,0.49,74.0,67.0,66.0,0.34,0.39,0.39,0.51,74.0,75.0,80.0,0.38,0.36,0.33,0.0,72.0,52.0,45.0,0.01,0.03,0.04,0.14,56.0,62.0,67.0,0.14,0.13,0.13,93.04887287615803
919,2019,IL,Hennepin Power Station,892,Dynegy Midwest Generation Inc,17,155.0,41.3028,-89.315,COAL,0.35221,306.3,920668.7,2156,776,3 miles,68.0,79.0,65.0,0.52,69.0,83.0,67.0,0.38,0.25,0.39,0.43,75.0,75.0,71.0,0.29,0.3,0.33,0.07,77.0,89.0,78.0,0.05,0.02,0.04,0.22,84.0,89.0,82.0,0.11,0.1,0.13,46.039716191166754
921,2019,NC,G G Allen,2718,"Duke Energy Carolinas, LLC",37,71.0,35.1897,-81.0122,COAL,0.08897,1148.4,887179.23,14863,5131,3 miles,28.0,28.0,29.0,0.37,58.0,56.0,56.0,0.37,0.39,0.39,0.17,19.0,18.0,28.0,0.36,0.36,0.33,0.02,70.0,67.0,60.0,0.02,0.03,0.04,0.08,40.0,38.0,45.0,0.13,0.13,0.13,113.81905292570548
922,2019,MO,Asbury,2076,Empire District Electric Co,29,97.0,37.361315,-94.58926,COAL,0.40876,231.5,826641.874,382,152,3 miles,27.0,23.0,16.0,0.1,45.0,43.0,21.0,0.2,0.2,0.39,0.31,49.0,54.0,53.0,0.33,0.31,0.33,0.0,73.0,67.0,46.0,0.01,0.02,0.04,0.11,60.0,67.0,55.0,0.1,0.09,0.13,0.28807407050090156
924,2019,PA,Cheswick,8226,"GenOn Power Midwest, LP",42,3.0,40.5383,-79.7906,COAL,0.14154,637.0,773197.37,32422,14871,3 miles,41.0,31.0,23.0,0.13,53.0,36.0,26.0,0.23,0.33,0.39,0.29,59.0,60.0,51.0,0.29,0.27,0.33,0.01,58.0,56.0,46.0,0.02,0.03,0.04,0.08,51.0,49.0,45.0,0.1,0.1,0.13,68.41270650306157
928,2019,FL,Deerhaven,663,Gainesville Regional Utilities,12,1.0,29.7592,-82.3878,COAL,0.19053,471.0,439024.37,6317,2578,3 miles,20.0,25.0,25.0,0.25,32.0,41.0,43.0,0.46,0.39,0.39,0.24,33.0,30.0,41.0,0.35,0.36,0.33,0.02,45.0,66.0,59.0,0.07,0.03,0.04,0.04,18.0,16.0,21.0,0.12,0.13,0.13,146.19697772486603
954,2019,IL,Will County,884,Midwest Generations EME LLC,17,197.0,41.6334,-88.0629,COAL,0.06989,1268.8,774904.53,33022,10667,3 miles,47.0,56.0,42.0,0.34,54.0,73.0,53.0,0.38,0.25,0.39,0.23,44.0,42.0,39.0,0.29,0.3,0.33,0.06,73.0,86.0,74.0,0.05,0.02,0.04,0.13,70.0,75.0,65.0,0.11,0.1,0.13,53.951303570111705
956,2019,IA,Archer Daniels Midland Clinton,10860,Archer Daniels Midland Co,19,45.0,41.8206,-90.2097,COAL,0.41682,211.4,713064.12,19605,8391,3 miles,66.0,60.0,44.0,0.11,60.0,48.0,24.0,0.14,0.2,0.39,0.4,77.0,70.0,67.0,0.29,0.31,0.33,0.01,69.0,69.0,47.0,0.02,0.02,0.04,0.11,78.0,70.0,58.0,0.08,0.09,0.13,39.224917668287446
975,2019,PA,Colver Green Energy,10143,"Inter-Power/AhlCon Partners, L.P.",42,21.0,40.55,-78.8,COAL,0.7417,118.0,766675.5,1815,788,3 miles,46.0,35.0,26.0,0.04,26.0,16.0,10.0,0.23,0.33,0.39,0.27,53.0,56.0,46.0,0.29,0.27,0.33,0.0,57.0,55.0,45.0,0.02,0.03,0.04,0.13,73.0,69.0,62.0,0.1,0.1,0.13,43.3312527443204
976,2019,WY,Wygen III,56596,"Black Hills Power, Inc. d/b/a",56,5.0,44.2919,-105.3806,COAL,0.75021,116.0,761130.61,2231,799,3 miles,93.0,80.0,62.0,0.26,85.0,65.0,45.0,0.16,0.25,0.39,0.44,86.0,81.0,73.0,0.28,0.28,0.33,0.01,75.0,65.0,51.0,0.01,0.02,0.04,0.1,75.0,71.0,53.0,0.07,0.08,0.13,0.47101541296418836
980,2019,CO,Martin Drake,492,City of Colorado Springs - (CO),8,41.0,38.824444,-104.833333,COAL,0.3283,257.3,727288.35,78941,36262,3 miles,65.0,72.0,55.0,0.26,50.0,65.0,45.0,0.32,0.25,0.39,0.37,73.0,71.0,63.0,0.27,0.28,0.33,0.01,56.0,65.0,51.0,0.03,0.02,0.04,0.09,65.0,66.0,47.0,0.09,0.08,0.13,20.629146717557635
983,2019,NE,Sheldon,2277,Nebraska Public Power District,31,109.0,40.5589,-96.7847,COAL,0.36863,228.7,736657.98,494,178,3 miles,34.0,38.0,29.0,0.01,3.0,5.0,2.0,0.21,0.2,0.39,0.1,14.0,12.0,13.0,0.29,0.31,0.33,0.0,57.0,66.0,45.0,0.03,0.02,0.04,0.06,51.0,44.0,36.0,0.09,0.09,0.13,0.9669272145189087
985,2019,WY,Wygen II,56319,"Black Hills Power, Inc. d/b/a",56,5.0,44.2919,-105.3811,COAL,0.87806,95.0,728938.43,2232,799,3 miles,93.0,80.0,62.0,0.26,85.0,65.0,45.0,0.16,0.25,0.39,0.45,87.0,81.0,73.0,0.28,0.28,0.33,0.01,75.0,65.0,51.0,0.01,0.02,0.04,0.1,75.0,72.0,54.0,0.07,0.08,0.13,0.08513825883099063
986,2019,WY,Neil Simpson II,7504,"Black Hills Power, Inc. d/b/a",56,5.0,44.2856,-105.3833,COAL,0.62772,130.0,663779.59,2342,837,3 miles,93.0,80.0,63.0,0.27,85.0,66.0,45.0,0.16,0.25,0.39,0.45,87.0,82.0,74.0,0.28,0.28,0.33,0.01,75.0,65.0,51.0,0.01,0.02,0.04,0.1,77.0,72.0,54.0,0.07,0.08,0.13,0.306126705651534
987,2019,SC,Winyah,6249,South Carolina Public Service Authority,45,43.0,33.33184,-79.357236,COAL,0.06453,1260.0,701966.73,953,352,3 miles,41.0,40.0,43.0,0.27,42.0,43.0,45.0,0.36,0.39,0.39,0.25,32.0,33.0,44.0,0.36,0.36,0.33,0.06,93.0,82.0,76.0,0.01,0.03,0.04,0.13,58.0,58.0,64.0,0.13,0.13,0.13,35.754022705578706
991,2019,WY,Wygen I,55479,"Black Hills Power, Inc. d/b/a",56,5.0,44.2858,-105.3833,COAL,0.89216,90.0,701956.42,2342,837,3 miles,93.0,80.0,63.0,0.27,85.0,66.0,45.0,0.16,0.25,0.39,0.45,87.0,82.0,74.0,0.28,0.28,0.33,0.01,75.0,65.0,51.0,0.01,0.02,0.04,0.1,77.0,72.0,54.0,0.07,0.08,0.13,2.641250207472608
997,2019,IA,Muscatine,1167,Board of Water Electric & Communications,19,139.0,41.3917,-91.0569,COAL,0.27031,293.5,693064.278,14342,5346,3 miles,84.0,78.0,58.0,0.3,86.0,79.0,49.0,0.14,0.2,0.39,0.41,78.0,71.0,69.0,0.29,0.31,0.33,0.04,83.0,84.0,66.0,0.02,0.02,0.04,0.16,87.0,82.0,72.0,0.08,0.09,0.13,20.165606617079522
1004,2019,MI,Erickson,1832,Lansing Board of Water and Light,26,45.0,42.692222,-84.657222,COAL,0.51026,154.7,690672.86,18316,7817,3 miles,72.0,72.0,57.0,0.39,78.0,77.0,58.0,0.25,0.25,0.39,0.32,56.0,60.0,56.0,0.33,0.3,0.33,0.02,77.0,72.0,58.0,0.02,0.02,0.04,0.06,40.0,41.0,35.0,0.09,0.1,0.13,1.2210838179437404
1022,2019,PA,Bruce Mansfield,6094,FirstEnergy Generation Corp,42,7.0,40.6348,-80.4159,COAL,0.02725,2741.1,647093.54,6493,2589,3 miles,71.0,60.0,50.0,0.15,58.0,40.0,30.0,0.23,0.33,0.39,0.37,72.0,73.0,63.0,0.29,0.27,0.33,0.0,57.0,55.0,45.0,0.02,0.03,0.04,0.11,65.0,62.0,56.0,0.1,0.1,0.13,88.72485638118577
1024,2019,NE,Lon D Wright Power Plant,2240,City of Fremont - (NE),31,53.0,41.4281,-96.4623,COAL,0.34756,213.2,433260.74,25569,10578,3 miles,66.0,67.0,49.0,0.19,62.0,66.0,36.0,0.21,0.2,0.39,0.39,73.0,68.0,66.0,0.29,0.31,0.33,0.06,84.0,91.0,76.0,0.03,0.02,0.04,0.12,76.0,71.0,60.0,0.09,0.09,0.13,21.51301759602787
1051,2019,PA,Gilberton Power Company,10113,Gilberton Power Co,42,107.0,40.7903,-76.1983,COAL,0.8062,88.4,623353.61,16636,5700,3 miles,76.0,66.0,56.0,0.25,71.0,53.0,44.0,0.23,0.33,0.39,0.43,78.0,80.0,71.0,0.29,0.27,0.33,0.02,70.0,67.0,55.0,0.02,0.03,0.04,0.14,77.0,74.0,66.0,0.1,0.1,0.13,44.16604910990354
1099,2019,MI,River Rouge,1740,DTE Electric Company,26,163.0,42.2739,-83.1119,COAL,0.07548,944.0,387977.313,53437,17887,3 miles,94.0,93.0,83.0,0.73,90.0,90.0,80.0,0.25,0.25,0.39,0.7,92.0,94.0,94.0,0.33,0.3,0.33,0.1,95.0,92.0,84.0,0.02,0.02,0.04,0.35,97.0,97.0,93.0,0.09,0.1,0.13,1.685010076854176
1121,2019,PA,St. Nicholas Cogeneration Project,54634,Schuylkill Energy Resource Inc,42,107.0,40.8222,-76.1736,COAL,0.69102,99.2,597851.58,14273,4814,3 miles,81.0,73.0,64.0,0.3,74.0,58.0,49.0,0.23,0.33,0.39,0.55,88.0,90.0,84.0,0.29,0.27,0.33,0.02,73.0,70.0,57.0,0.02,0.03,0.04,0.17,83.0,80.0,73.0,0.1,0.1,0.13,68.52279558832453
1145,2019,WV,Grant Town Power Plant,10151,American Bituminous Power LP,54,49.0,39.561831,-80.163138,COAL,0.71334,95.7,570034.66,3153,1358,3 miles,65.0,57.0,46.0,0.05,55.0,19.0,11.0,0.08,0.33,0.39,0.42,57.0,78.0,70.0,0.39,0.27,0.33,0.0,88.0,55.0,45.0,0.0,0.03,0.04,0.12,50.0,68.0,61.0,0.13,0.1,0.13,65.42826078061228
1197,2019,OK,Hugo,6772,"Western Farmers Elec Coop, Inc",40,23.0,34.0158,-95.3206,COAL,0.05499,1196.0,570530.29,454,189,3 miles,49.0,38.0,54.0,0.23,30.0,21.0,40.0,0.34,0.52,0.39,0.42,62.0,61.0,70.0,0.37,0.37,0.33,0.0,53.0,36.0,45.0,0.02,0.06,0.04,0.17,76.0,62.0,74.0,0.12,0.16,0.13,20.005849809526644
1262,2019,VA,RockTenn West Point Mill,10017,WestRock-West Point Mill,51,101.0,37.5392,-76.8053,COAL,0.65053,101.0,15735.786,4492,1792,3 miles,27.0,34.0,25.0,0.17,26.0,43.0,33.0,0.38,0.33,0.39,0.21,48.0,44.0,35.0,0.25,0.27,0.33,0.0,52.0,55.0,45.0,0.03,0.03,0.04,0.07,43.0,43.0,39.0,0.11,0.1,0.13,39.017660124772966
1271,2019,NJ,Carneys Point,10566,US Operating Services Company,34,33.0,39.693494,-75.485811,COAL,0.22626,285.0,560677.43,14004,5492,3 miles,59.0,56.0,57.0,0.39,51.0,52.0,57.0,0.44,0.44,0.39,0.38,78.0,71.0,65.0,0.24,0.29,0.33,0.05,62.0,60.0,73.0,0.07,0.08,0.04,0.17,79.0,72.0,73.0,0.1,0.13,0.13,16.508324046547123
1279,2019,OK,River Valley,10671,Oklahoma Gas & Electric Co,40,79.0,35.1931,-94.6458,COAL,0.1759,350.0,527539.829,2671,962,3 miles,76.0,53.0,67.0,0.3,51.0,30.0,49.0,0.34,0.52,0.39,0.54,80.0,77.0,84.0,0.37,0.37,0.33,0.01,58.0,38.0,46.0,0.02,0.06,0.04,0.18,79.0,64.0,75.0,0.12,0.16,0.13,61.09058980524877
1282,2019,NE,Platte,59,City of Grand Island - (NE),31,79.0,40.854765,-98.348222,COAL,0.52527,109.8,504762.34,2831,1135,3 miles,53.0,56.0,42.0,0.17,59.0,62.0,32.0,0.21,0.2,0.39,0.29,56.0,50.0,50.0,0.29,0.31,0.33,0.01,67.0,74.0,52.0,0.03,0.02,0.04,0.1,70.0,64.0,53.0,0.09,0.09,0.13,0.0110787945220008
1286,2019,MO,Meramec,2104,Union Electric Co - (MO),29,189.0,38.4017,-90.3358,COAL,0.05449,1041.0,480931.61,26755,10085,3 miles,11.0,9.0,5.0,0.05,23.0,22.0,10.0,0.2,0.2,0.39,0.19,27.0,30.0,31.0,0.33,0.31,0.33,0.01,75.0,68.0,47.0,0.01,0.02,0.04,0.08,48.0,56.0,46.0,0.1,0.09,0.13,55.54130162070433
1290,2019,MD,Chalk Point,1571,"GenOn Chalk Point, LLC",24,33.0,38.5444,-76.6861,COAL,0.02214,2553.0,416849.21,3491,1142,3 miles,19.0,24.0,18.0,0.34,41.0,62.0,53.0,0.49,0.33,0.39,0.1,25.0,18.0,13.0,0.22,0.27,0.33,0.0,47.0,55.0,45.0,0.03,0.03,0.04,0.04,30.0,27.0,25.0,0.1,0.1,0.13,27.651415723554443
1291,2019,AL,Gorgas,8,Alabama Power Co,1,127.0,33.644344,-87.196486,COAL,0.03954,1416.7,489541.89,752,315,3 miles,45.0,41.0,45.0,0.03,7.0,6.0,7.0,0.34,0.39,0.39,0.37,51.0,55.0,64.0,0.38,0.36,0.33,0.0,71.0,51.0,45.0,0.01,0.03,0.04,0.15,57.0,63.0,68.0,0.14,0.13,0.13,89.24702673369364
1292,2019,NJ,Logan Generating Plant,10043,Logan Generating Company LP,34,15.0,39.7928,-75.406667,COAL,0.22721,242.3,480851.07,14972,5493,3 miles,65.0,61.0,63.0,0.36,49.0,50.0,55.0,0.44,0.44,0.39,0.45,84.0,78.0,73.0,0.24,0.29,0.33,0.01,34.0,38.0,51.0,0.07,0.08,0.04,0.14,74.0,66.0,67.0,0.1,0.13,0.13,12.092828539118402
1293,2019,SC,"KapStone Charleston Kraft, LLC",7737,WestRock North Charleston,45,19.0,32.9,-79.9667,COAL,0.55001,99.2,198379.01,28813,11082,3 miles,82.0,76.0,78.0,0.6,80.0,74.0,72.0,0.36,0.39,0.39,0.51,76.0,76.0,81.0,0.36,0.36,0.33,0.05,90.0,79.0,72.0,0.01,0.03,0.04,0.19,74.0,74.0,77.0,0.13,0.13,0.13,38.176004551185436
1294,2019,MI,TES Filer City Station,50835,TES Filer City Station LP,26,101.0,44.217299,-86.28905,COAL,0.16009,323.0,381414.03,9434,3726,3 miles,59.0,62.0,47.0,0.13,48.0,46.0,26.0,0.25,0.25,0.39,0.34,58.0,63.0,59.0,0.33,0.3,0.33,0.01,65.0,61.0,46.0,0.02,0.02,0.04,0.07,50.0,50.0,42.0,0.09,0.1,0.13,54.973074373671736
1302,2019,OH,Avon Lake Power Plant,2836,"GenOn Power Midwest, LP",39,93.0,41.504453,-82.054619,COAL,0.05801,873.1,438253.213,22186,8896,3 miles,11.0,9.0,6.0,0.09,45.0,37.0,20.0,0.21,0.25,0.39,0.17,27.0,29.0,27.0,0.32,0.3,0.33,0.0,69.0,60.0,45.0,0.01,0.02,0.04,0.05,34.0,36.0,30.0,0.1,0.1,0.13,508.20353980747143
1311,2019,IA,Lansing,1047,Interstate Power and Light Co,19,5.0,43.3359,-91.1675,COAL,0.14815,340.5,440514.56,346,160,3 miles,68.0,61.0,45.0,0.03,25.0,16.0,7.0,0.14,0.2,0.39,0.24,45.0,41.0,42.0,0.29,0.31,0.33,0.0,66.0,66.0,45.0,0.02,0.02,0.04,0.05,41.0,36.0,29.0,0.08,0.09,0.13,18.98231519318052
1323,2019,ND,R M Heskett,2790,Montana-Dakota Utilities Co,38,59.0,46.8669,-100.8836,COAL,0.17239,291.0,431391.697,13664,5914,3 miles,31.0,33.0,26.0,0.11,55.0,29.0,22.0,0.15,0.25,0.39,0.2,41.0,39.0,34.0,0.26,0.28,0.33,0.02,84.0,74.0,59.0,0.01,0.02,0.04,0.08,58.0,61.0,43.0,0.08,0.08,0.13,117.0701174372345
1329,2019,UT,Sunnyside Cogen Associates,50951,Sunnyside Cogeneration Assoc,49,7.0,39.5472,-110.3917,COAL,0.78798,58.1,399505.28,1337,533,3 miles,78.0,76.0,58.0,0.17,53.0,48.0,33.0,0.21,0.25,0.39,0.55,90.0,90.0,84.0,0.28,0.28,0.33,0.0,54.0,56.0,45.0,0.02,0.02,0.04,0.18,88.0,88.0,75.0,0.08,0.08,0.13,15.151726212371315
1332,2019,SC,"WestRock CP, LLC Florence Mill",50806,WestRock-Florence,45,41.0,34.1497,-79.5606,COAL,0.39633,103.8,8583.843,1042,354,3 miles,64.0,62.0,65.0,0.38,60.0,57.0,57.0,0.36,0.39,0.39,0.45,67.0,67.0,74.0,0.36,0.36,0.33,0.0,62.0,51.0,45.0,0.01,0.03,0.04,0.17,68.0,69.0,73.0,0.13,0.13,0.13,22.903832263761572
1352,2019,NY,Somerset Operating Company  (Kintigh),6082,Somerset Operating Co LLC,36,63.0,43.358889,-78.604722,COAL,0.06017,655.1,340742.5,987,373,3 miles,26.0,30.0,33.0,0.03,6.0,4.0,5.0,0.44,0.44,0.39,0.2,38.0,43.0,34.0,0.31,0.29,0.33,0.01,36.0,35.0,47.0,0.08,0.08,0.04,0.08,40.0,44.0,44.0,0.14,0.13,0.13,49.229540738131085
1375,2019,AK,Healy,6288,Golden Valley Elec Assn Inc,2,68.0,63.8542,-148.95,COAL,0.42385,92.8,334301.51,794,220,3 miles,,,,0.19,22.0,41.0,36.0,0.39,0.28,0.39,0.39,84.0,71.0,66.0,0.25,0.3,0.33,0.0,51.0,47.0,45.0,0.02,0.03,0.04,0.01,13.0,10.0,8.0,0.07,0.09,0.13,37.436144455068316
1384,2019,WV,Morgantown Energy Facility,10743,Morgantown Energy Associates,54,61.0,39.6397,-79.960556,COAL,0.57016,68.9,341489.08,60444,23165,3 miles,83.0,65.0,55.0,0.16,83.0,40.0,31.0,0.08,0.33,0.39,0.47,68.0,84.0,76.0,0.39,0.27,0.33,0.02,91.0,64.0,53.0,0.0,0.03,0.04,0.07,23.0,42.0,38.0,0.13,0.1,0.13,60.02024199116754
1425,2019,PA,Wheelabrator Frackville Energy,50879,Wheelabrator Environmental Systems,42,107.0,40.782377,-76.176184,COAL,0.80457,48.0,304066.46,12102,3886,3 miles,79.0,71.0,61.0,0.29,73.0,57.0,48.0,0.23,0.33,0.39,0.48,83.0,85.0,78.0,0.29,0.27,0.33,0.01,66.0,63.0,51.0,0.02,0.03,0.04,0.15,80.0,76.0,69.0,0.1,0.1,0.13,256.439608345403
1429,2019,OH,Haverhill North Cogeneration Facility,56848,"SunCoke Energy, Inc.",39,145.0,38.596657,-82.828642,COAL,0.56724,67.0,0.0,5038,1835,3 miles,59.0,53.0,40.0,0.09,43.0,35.0,18.0,0.21,0.25,0.39,0.42,71.0,74.0,70.0,0.32,0.3,0.33,0.0,68.0,59.0,45.0,0.01,0.02,0.04,0.11,67.0,68.0,58.0,0.1,0.1,0.13,10.368532905584168
1444,2019,MN,Hoot Lake,1943,Otter Tail Power Co,27,111.0,46.290641,-96.043252,COAL,0.26355,138.2,312102.51,13981,6257,3 miles,61.0,55.0,42.0,0.08,35.0,33.0,17.0,0.2,0.25,0.39,0.29,67.0,54.0,50.0,0.25,0.3,0.33,0.0,55.0,59.0,45.0,0.02,0.02,0.04,0.08,67.0,52.0,44.0,0.07,0.1,0.13,43.1973004059646
1452,2019,OH,"Middletown Coke Company, LLC",57822,"SunCoke Energy, Inc.",39,17.0,39.472222,-84.401389,COAL,0.52765,67.0,0.0,37072,14102,3 miles,67.0,63.0,48.0,0.23,71.0,63.0,41.0,0.21,0.25,0.39,0.46,75.0,79.0,75.0,0.32,0.3,0.33,0.03,83.0,75.0,61.0,0.01,0.02,0.04,0.17,82.0,82.0,72.0,0.1,0.1,0.13,9.6591721966072
1453,2019,NH,Merrimack,2364,Granite Shore Power,33,13.0,43.1411,-71.4692,COAL,0.06937,496.4,300678.87,11857,4606,3 miles,50.0,37.0,30.0,0.07,57.0,31.0,16.0,0.1,0.24,0.39,0.17,51.0,45.0,28.0,0.2,0.24,0.33,0.0,71.0,47.0,45.0,0.01,0.05,0.04,0.06,52.0,45.0,34.0,0.07,0.09,0.13,169.10930467292653
1454,2019,MT,Colstrip Energy LP,10784,Colstrip Energy LP,30,87.0,45.9752,-106.6547,COAL,0.74547,46.1,300625.55,19,9,3 miles,70.0,63.0,48.0,0.01,4.0,2.0,3.0,0.14,0.25,0.39,0.25,34.0,51.0,44.0,0.34,0.28,0.33,0.0,83.0,55.0,45.0,0.0,0.02,0.04,0.08,70.0,65.0,47.0,0.07,0.08,0.13,13.01107667894236
1456,2019,NE,Archer Daniels Midland Columbus,57046,Archer Daniels Midland Co,31,141.0,41.416442,-97.286328,COAL,0.46823,71.4,292861.0,5624,1902,3 miles,73.0,73.0,54.0,0.35,82.0,83.0,54.0,0.21,0.2,0.39,0.26,50.0,45.0,45.0,0.29,0.31,0.33,0.1,90.0,94.0,84.0,0.03,0.02,0.04,0.21,89.0,89.0,80.0,0.09,0.09,0.13,18.993543391356543
1467,2019,WY,Genesis Alkali,57915,"Genesis Alkali, LLC",56,37.0,41.621667,-109.811944,COAL,0.79754,41.0,207836.64,0,0,3 miles,,,,,,,,0.16,0.25,0.39,,,,,0.28,0.28,0.33,,,,,0.01,0.02,0.04,,,,,0.07,0.08,0.13,12.243637194762847
1483,2019,MT,Lewis & Clark,6089,Montana-Dakota Utilities Co,30,83.0,47.6785,-104.15665,COAL,0.43841,68.6,260914.78,5773,2394,3 miles,52.0,46.0,36.0,0.13,73.0,36.0,27.0,0.14,0.25,0.39,0.2,23.0,40.0,34.0,0.34,0.28,0.33,0.02,90.0,68.0,54.0,0.0,0.02,0.04,0.09,74.0,68.0,50.0,0.07,0.08,0.13,159.73172947092155
1492,2019,CA,Argus Cogen Plant,10684,Searles Valley Minerals Operations Inc.,6,71.0,35.765,-117.3833,COAL,0.45627,62.5,240455.873,1669,736,3 miles,34.0,37.0,59.0,0.26,11.0,14.0,45.0,0.62,0.6,0.39,0.52,79.0,79.0,81.0,0.33,0.33,0.33,0.01,17.0,21.0,47.0,0.09,0.08,0.04,0.17,58.0,61.0,73.0,0.17,0.16,0.13,11.926542450687872
1494,2019,IL,Ingredion Incorporated Argo Plant,54556,Ingredion Inc - Illinois,17,31.0,41.7775,-87.8233,COAL,0.50544,54.6,159657.15,108812,38207,3 miles,68.0,79.0,65.0,0.49,67.0,82.0,66.0,0.38,0.25,0.39,0.3,57.0,56.0,52.0,0.29,0.3,0.33,0.1,82.0,92.0,83.0,0.05,0.02,0.04,0.16,76.0,81.0,72.0,0.11,0.1,0.13,6.230028100489451
1495,2019,PA,Scrubgrass Generating Plant,50974,Scrubgrass Generating Company LP,42,121.0,41.2691,-79.8134,COAL,0.2906,94.7,239190.66,678,296,3 miles,64.0,52.0,41.0,0.04,23.0,14.0,8.0,0.23,0.33,0.39,0.29,59.0,61.0,51.0,0.29,0.27,0.33,0.0,57.0,55.0,45.0,0.02,0.03,0.04,0.09,56.0,54.0,49.0,0.1,0.1,0.13,26.1724785515948
1496,2019,MI,Presque Isle,1769,Wisconsin Electric Power Co,26,103.0,46.5789,-87.395,COAL,0.04365,624.7,237969.98,19085,7232,3 miles,67.0,68.0,53.0,0.09,38.0,38.0,20.0,0.25,0.25,0.39,0.43,72.0,75.0,72.0,0.33,0.3,0.33,0.01,67.0,62.0,47.0,0.02,0.02,0.04,0.04,27.0,29.0,24.0,0.09,0.1,0.13,0.3869746828443482
1497,2019,PA,Ebensburg Power Company,10603,Ebensburg Power Co,42,21.0,40.455,-78.7472,COAL,0.46728,57.6,235296.83,6412,2894,3 miles,37.0,28.0,21.0,0.02,14.0,9.0,4.0,0.23,0.33,0.39,0.24,47.0,50.0,41.0,0.29,0.27,0.33,0.0,57.0,55.0,45.0,0.02,0.03,0.04,0.07,42.0,42.0,38.0,0.1,0.1,0.13,16.968713608622792
1498,2019,WY,General Chemical,54318,Tata Chemicals Partners,56,37.0,41.5933,-109.7542,COAL,0.83319,30.0,152345.46,0,0,3 miles,,,,,,,,0.16,0.25,0.39,,,,,0.28,0.28,0.33,,,,,0.01,0.02,0.04,,,,,0.07,0.08,0.13,21.89436075684443
1499,2019,PA,Kimberly-Clark Tissue Company,50410,Kimberly-Clark Corp,42,45.0,39.843743,-75.358801,COAL,0.27083,84.3,21554.541,72757,26360,3 miles,83.0,78.0,69.0,0.54,85.0,75.0,69.0,0.23,0.33,0.39,0.42,78.0,79.0,71.0,0.29,0.27,0.33,0.02,74.0,71.0,59.0,0.02,0.03,0.04,0.13,74.0,71.0,64.0,0.1,0.1,0.13,22.065379040571298
1501,2019,WI,Kaukauna Paper Mill,54098,Thilmany LLC,55,87.0,44.2826,-88.2534,COAL,0.49798,44.6,68023.89,25928,10569,3 miles,20.0,24.0,17.0,0.06,31.0,24.0,12.0,0.18,0.25,0.39,0.2,37.0,36.0,33.0,0.28,0.3,0.33,0.0,62.0,59.0,45.0,0.02,0.02,0.04,0.05,41.0,36.0,31.0,0.08,0.1,0.13,10.15556789554313
1585,2019,AK,Aurora Energy LLC Chena,79,Aurora Energy LLC,2,90.0,64.847743,-147.735063,COAL,0.68089,31.3,186691.0,35520,12794,3 miles,,,,0.39,60.0,76.0,58.0,0.39,0.28,0.39,0.31,68.0,58.0,54.0,0.25,0.3,0.33,0.01,63.0,54.0,52.0,0.02,0.03,0.04,0.08,58.0,53.0,43.0,0.07,0.09,0.13,14.799433608362124
1597,2019,MN,Northshore Mining Silver Bay Power,10849,Cleveland Cliffs Inc,27,75.0,47.286573,-91.260531,COAL,0.15826,131.6,176736.35,1886,926,3 miles,74.0,66.0,51.0,0.09,38.0,35.0,18.0,0.2,0.25,0.39,0.26,62.0,50.0,46.0,0.25,0.3,0.33,0.0,58.0,60.0,45.0,0.02,0.02,0.04,0.04,38.0,28.0,23.0,0.07,0.1,0.13,8.779023694728185
1604,2019,ND,Spiritwood Station,56786,Great River Energy,38,93.0,46.926423,-98.499713,COAL,0.19492,106.2,112610.147,55,21,3 miles,33.0,35.0,28.0,0.05,27.0,11.0,11.0,0.15,0.25,0.39,0.16,31.0,31.0,26.0,0.26,0.28,0.33,0.0,60.0,55.0,45.0,0.01,0.02,0.04,0.08,63.0,65.0,47.0,0.08,0.08,0.13,10.652664171391152
1625,2019,KY,John S. Cooper,1384,"East Kentucky Power Coop, Inc",21,199.0,36.9981,-84.5919,COAL,0.05595,344.0,168821.56,5665,2408,3 miles,63.0,45.0,49.0,0.05,34.0,9.0,11.0,0.15,0.39,0.39,0.52,75.0,77.0,82.0,0.38,0.36,0.33,0.0,73.0,51.0,45.0,0.01,0.03,0.04,0.19,71.0,75.0,77.0,0.14,0.13,0.13,229.37233778912275
1657,2019,MI,J B Sims,1825,City of Grand Haven - (MI),26,139.0,43.0706,-86.235,COAL,0.23865,80.0,166674.35,23056,10129,3 miles,32.0,36.0,27.0,0.06,24.0,26.0,13.0,0.25,0.25,0.39,0.24,41.0,46.0,42.0,0.33,0.3,0.33,0.01,66.0,62.0,47.0,0.02,0.02,0.04,0.05,36.0,37.0,31.0,0.09,0.1,0.13,2.864003933993414
1687,2019,WI,Biron Mill,10234,"ND Paper, Inc.",55,141.0,44.43,-89.78,COAL,0.30425,61.6,83530.346,5773,2642,3 miles,77.0,69.0,54.0,0.12,56.0,44.0,24.0,0.18,0.25,0.39,0.43,81.0,75.0,72.0,0.28,0.3,0.33,0.0,61.0,59.0,45.0,0.02,0.02,0.04,0.09,68.0,59.0,50.0,0.08,0.1,0.13,8.405367867966072
1690,2019,MD,Herbert A Wagner,1554,H.A. Wagner LLC,24,3.0,39.1781,-76.5268,COAL,0.01715,1058.5,131264.26,31107,11219,3 miles,4.0,8.0,6.0,0.17,22.0,42.0,33.0,0.49,0.33,0.39,0.13,36.0,26.0,19.0,0.22,0.27,0.33,0.01,51.0,60.0,49.0,0.03,0.03,0.04,0.08,55.0,51.0,46.0,0.1,0.1,0.13,31.530400976558767
1702,2019,PA,Northampton Generating Plant,50888,"EIF Northampton GP, LLC",42,95.0,40.6917,-75.4792,COAL,0.13142,134.1,130643.58,36440,14828,3 miles,39.0,29.0,22.0,0.16,59.0,41.0,31.0,0.23,0.33,0.39,0.23,45.0,49.0,39.0,0.29,0.27,0.33,0.02,68.0,65.0,53.0,0.02,0.03,0.04,0.08,51.0,50.0,45.0,0.1,0.1,0.13,2.55629083821108
1706,2019,PA,US Steel (Clairton Coke),50729,United States Steel- Clairton,42,3.0,40.3097,-79.8819,COAL,0.52219,31.0,0.0,37149,16783,3 miles,65.0,53.0,42.0,0.21,65.0,47.0,38.0,0.23,0.33,0.39,0.41,76.0,77.0,68.0,0.29,0.27,0.33,0.0,58.0,55.0,45.0,0.02,0.03,0.04,0.08,52.0,51.0,46.0,0.1,0.1,0.13,3.9119753873825673
1712,2019,MT,Hardin Generating Station,55749,Heorot Power Management,30,3.0,45.7578,-107.6,COAL,0.13534,115.7,135172.59,4294,1401,3 miles,95.0,89.0,72.0,0.55,95.0,89.0,70.0,0.14,0.25,0.39,0.58,90.0,92.0,87.0,0.34,0.28,0.33,0.0,83.0,55.0,45.0,0.0,0.02,0.04,0.12,84.0,78.0,61.0,0.07,0.08,0.13,78.9630834759758
1727,2019,PA,"WPS Westwood Generation, LLC",50611,"Rausch Creek Generation, LLC",42,107.0,40.6191,-76.45,COAL,0.40394,36.0,126088.8,1306,531,3 miles,57.0,46.0,35.0,0.02,11.0,8.0,4.0,0.23,0.33,0.39,0.35,69.0,70.0,61.0,0.29,0.27,0.33,0.0,57.0,55.0,45.0,0.02,0.03,0.04,0.12,70.0,67.0,61.0,0.1,0.1,0.13,0.7906813043150327
1736,2019,DE,Indian River,594,Indian River Operations Inc,10,5.0,38.5857,-75.2341,COAL,0.01719,804.1,119120.1,8991,3431,3 miles,61.0,66.0,56.0,0.33,50.0,61.0,52.0,0.37,0.33,0.39,0.33,69.0,67.0,58.0,0.27,0.27,0.33,0.01,54.0,61.0,50.0,0.02,0.03,0.04,0.15,75.0,76.0,69.0,0.1,0.1,0.13,13.107223858349512
1747,2019,GA,Hammond,708,Georgia Power Co,13,115.0,34.2528,-85.3456,COAL,0.01349,953.0,111235.51,2441,820,3 miles,23.0,23.0,23.0,0.13,13.0,24.0,27.0,0.47,0.39,0.39,0.33,48.0,47.0,57.0,0.36,0.36,0.33,0.0,51.0,51.0,45.0,0.03,0.03,0.04,0.21,80.0,80.0,81.0,0.13,0.13,0.13,5.7536109026558515
1756,2019,PA,Cambria Cogen,10641,Cambria CoGen Co,42,21.0,40.474167,-78.7014,COAL,0.12826,98.0,109938.25,6670,2837,3 miles,35.0,26.0,19.0,0.04,25.0,16.0,9.0,0.23,0.33,0.39,0.24,47.0,50.0,41.0,0.29,0.27,0.33,0.0,57.0,55.0,45.0,0.02,0.03,0.04,0.08,53.0,51.0,46.0,0.1,0.1,0.13,18.620807016037134
1820,2019,IA,Iowa State University,54201,Iowa State University,19,169.0,42.0275,-93.6394,COAL,0.24818,49.0,51774.567,65708,25018,3 miles,85.0,80.0,59.0,0.21,78.0,68.0,38.0,0.14,0.2,0.39,0.45,84.0,77.0,74.0,0.29,0.31,0.33,0.05,88.0,89.0,73.0,0.02,0.02,0.04,0.03,20.0,18.0,15.0,0.08,0.09,0.13,7.773926738192611
1826,2019,PA,Panther Creek Energy Facility,50776,"Panther Creek Power Operating, LLC",42,25.0,40.8556,-75.8781,COAL,0.12798,94.0,104608.33,9088,3945,3 miles,70.0,59.0,48.0,0.09,42.0,27.0,18.0,0.23,0.33,0.39,0.42,78.0,79.0,70.0,0.29,0.27,0.33,0.0,57.0,55.0,45.0,0.02,0.03,0.04,0.1,60.0,57.0,52.0,0.1,0.1,0.13,0.8033684986926366
1834,2019,CO,Nucla,527,"Tri-State G & T Assn, Inc",8,85.0,38.2383,-108.5069,COAL,0.10537,113.8,104790.66,569,268,3 miles,56.0,61.0,47.0,0.06,4.0,12.0,12.0,0.32,0.25,0.39,0.29,61.0,58.0,50.0,0.27,0.28,0.33,0.0,47.0,56.0,45.0,0.03,0.02,0.04,0.09,65.0,67.0,48.0,0.09,0.08,0.13,9.48721852407425
1835,2019,NY,"Cayuga Operating Company, LLC",2535,"Cayuga Operating Company, LLC",36,109.0,42.6028,-76.6336,COAL,0.02906,322.5,81208.898,999,404,3 miles,23.0,27.0,31.0,0.08,18.0,15.0,18.0,0.44,0.44,0.39,0.1,17.0,21.0,14.0,0.31,0.29,0.33,0.0,35.0,34.0,45.0,0.08,0.08,0.04,0.03,14.0,16.0,16.0,0.14,0.13,0.13,0.026888539653390584
1848,2019,PA,Mt. Carmel Cogeneration,10343,Mount Carmel Cogen Inc,42,97.0,40.811189,-76.452951,COAL,0.19596,47.3,77302.514,12502,5915,3 miles,61.0,50.0,39.0,0.03,18.0,12.0,6.0,0.23,0.33,0.39,0.41,77.0,78.0,69.0,0.29,0.27,0.33,0.0,57.0,55.0,45.0,0.02,0.03,0.04,0.13,73.0,69.0,63.0,0.1,0.1,0.13,9.084974719662169
1852,2019,AK,Utility Plants Section,50308,Doyon Utilities - Ft. Wainwright,2,90.0,64.825601,-147.648627,COAL,0.36125,22.5,71202.0,23472,7866,3 miles,,,,0.42,64.0,79.0,60.0,0.39,0.28,0.39,0.32,71.0,60.0,56.0,0.25,0.3,0.33,0.01,62.0,53.0,50.0,0.02,0.03,0.04,0.07,56.0,51.0,41.0,0.07,0.09,0.13,3.7795662950174687
1854,2019,AK,Eielson AFB Central Heat & Power Plant,50392,U S Air Force-Eielson AFB,2,90.0,64.67141,-147.075988,COAL,0.25541,31.0,69081.0,3031,1001,3 miles,,,,0.27,41.0,59.0,46.0,0.39,0.28,0.39,0.24,54.0,43.0,41.0,0.25,0.3,0.33,0.03,77.0,68.0,64.0,0.02,0.03,0.04,0.03,26.0,22.0,17.0,0.07,0.09,0.13,3.31058512935534
1894,2019,GA,McIntosh (6124),6124,Georgia Power Co,13,103.0,32.356287,-81.168347,COAL,0.00693,988.0,16104.632,1153,403,3 miles,21.0,21.0,20.0,0.22,26.0,37.0,40.0,0.47,0.39,0.39,0.25,34.0,32.0,43.0,0.36,0.36,0.33,0.04,77.0,74.0,67.0,0.03,0.03,0.04,0.17,69.0,70.0,74.0,0.13,0.13,0.13,3.073335488680521
1902,2019,OH,Dover,2914,City of Dover - (OH),39,157.0,40.520066,-81.46815,COAL,0.1191,53.6,55138.276,28042,11518,3 miles,56.0,49.0,37.0,0.11,49.0,41.0,22.0,0.21,0.25,0.39,0.38,65.0,69.0,65.0,0.32,0.3,0.33,0.02,76.0,68.0,53.0,0.01,0.02,0.04,0.14,75.0,76.0,65.0,0.1,0.1,0.13,19.408937523248166
1922,2019,IA,University of Iowa Main Power Plant,54775,University of Iowa,19,103.0,41.6572,-91.54,COAL,0.13403,46.5,13551.259,74827,30192,3 miles,88.0,82.0,62.0,0.26,83.0,75.0,45.0,0.14,0.2,0.39,0.45,84.0,77.0,74.0,0.29,0.31,0.33,0.06,89.0,90.0,74.0,0.02,0.02,0.04,0.05,39.0,34.0,27.0,0.08,0.09,0.13,4.033023712967279
1963,2019,NC,University of NC Chapel Hill,54276,University of North Carolina,37,135.0,35.9069,-79.0617,COAL,0.10479,56.0,36319.684,61717,21198,3 miles,57.0,55.0,59.0,0.3,48.0,48.0,49.0,0.37,0.39,0.39,0.38,57.0,56.0,65.0,0.36,0.36,0.33,0.03,77.0,72.0,65.0,0.02,0.03,0.04,0.05,26.0,24.0,30.0,0.13,0.13,0.13,1.0341619633512324
1991,2019,VA,Birchwood Power Facility,54304,Birchwood Power Partners LP,51,99.0,38.2667,-77.3147,COAL,0.02136,258.3,46172.781,3405,1228,3 miles,16.0,21.0,16.0,0.25,38.0,53.0,44.0,0.38,0.33,0.39,0.16,39.0,34.0,26.0,0.25,0.27,0.33,0.0,52.0,55.0,45.0,0.03,0.03,0.04,0.1,55.0,57.0,52.0,0.11,0.1,0.13,0.6548632464932592
2060,2019,MI,Eckert Station,1831,Lansing Board of Water and Light,26,65.0,42.71839,-84.55808,COAL,0.01359,375.0,44295.771,92083,38645,3 miles,81.0,81.0,67.0,0.44,81.0,79.0,62.0,0.25,0.25,0.39,0.5,80.0,82.0,80.0,0.33,0.3,0.33,0.03,81.0,76.0,62.0,0.02,0.02,0.04,0.11,66.0,66.0,56.0,0.09,0.1,0.13,2.9641986804542286
2270,2019,OH,ArcelorMittal Warren,54207,ArcelorMittal Warren Inc,39,155.0,41.2119,-80.8176,COAL,0.24616,20.5,0.0,36676,15881,3 miles,81.0,79.0,65.0,0.29,75.0,69.0,47.0,0.21,0.25,0.39,0.59,87.0,88.0,87.0,0.32,0.3,0.33,0.0,69.0,59.0,45.0,0.01,0.02,0.04,0.15,78.0,78.0,68.0,0.1,0.1,0.13,1.635839618902565
2343,2019,IA,Prairie Creek,1073,Interstate Power and Light Co,19,113.0,41.944039,-91.639167,COAL,0.02086,236.4,37221.753,34865,14391,3 miles,59.0,54.0,41.0,0.19,76.0,66.0,36.0,0.14,0.2,0.39,0.38,74.0,67.0,64.0,0.29,0.31,0.33,0.01,72.0,72.0,51.0,0.02,0.02,0.04,0.1,74.0,65.0,53.0,0.08,0.09,0.13,8.092196829762337
2370,2019,IN,Whitewater Valley,1040,City of Richmond - (IN),18,177.0,39.8028,-84.8953,COAL,0.04692,93.9,38322.134,31759,12792,3 miles,69.0,66.0,50.0,0.19,65.0,58.0,36.0,0.21,0.25,0.39,0.47,77.0,79.0,76.0,0.33,0.3,0.33,0.01,70.0,65.0,50.0,0.02,0.02,0.04,0.16,74.0,80.0,70.0,0.11,0.1,0.13,37.89289713054745
2428,2019,AK,University of Alaska Fairbanks,50711,University of Alaska,2,90.0,64.854171,-147.822075,COAL,0.08166,39.6,21779.51,24188,9102,3 miles,,,,0.34,52.0,71.0,54.0,0.39,0.28,0.39,0.24,54.0,43.0,41.0,0.25,0.3,0.33,0.01,59.0,51.0,48.0,0.02,0.03,0.04,0.06,49.0,44.0,35.0,0.07,0.09,0.13,1.2967368398226609
2480,2019,NE,Western Sugar Coop - Scottsbluff,57937,Western Sugar Cooperative,31,157.0,41.85887,-103.63438,COAL,0.63516,5.0,27820.0,21003,8498,3 miles,78.0,77.0,57.0,0.33,80.0,82.0,52.0,0.21,0.2,0.39,0.42,76.0,72.0,69.0,0.29,0.31,0.33,0.03,76.0,82.0,63.0,0.03,0.02,0.04,0.14,81.0,78.0,67.0,0.09,0.09,0.13,17.554866895916653
2520,2019,NE,Archer Daniels Midland Lincoln,10862,Archer Daniels Midland Co,31,109.0,40.866463,-96.614486,COAL,0.38845,7.9,26882.0,31570,13197,3 miles,32.0,35.0,27.0,0.13,50.0,52.0,26.0,0.21,0.2,0.39,0.32,62.0,57.0,56.0,0.29,0.31,0.33,0.01,61.0,69.0,47.0,0.03,0.02,0.04,0.06,52.0,45.0,37.0,0.09,0.09,0.13,1.3309562096065166
2560,2019,IA,Archer Daniels Midland Des Moines,10861,Archer Daniels Midland Co,19,153.0,41.624438,-93.584515,COAL,0.35771,7.9,24755.0,74468,26528,3 miles,90.0,84.0,65.0,0.39,91.0,84.0,57.0,0.14,0.2,0.39,0.45,84.0,77.0,74.0,0.29,0.31,0.33,0.05,88.0,89.0,73.0,0.02,0.02,0.04,0.19,90.0,87.0,77.0,0.08,0.09,0.13,1.2250794627392283
2618,2019,IN,R Gallagher,1008,"Duke Energy Indiana, LLC",18,43.0,38.2636,-85.8381,COAL,0.00412,600.0,18086.64,56681,21684,3 miles,90.0,88.0,77.0,0.66,92.0,88.0,76.0,0.21,0.25,0.39,0.6,88.0,89.0,88.0,0.33,0.3,0.33,0.0,65.0,59.0,45.0,0.02,0.02,0.04,0.2,83.0,87.0,78.0,0.11,0.1,0.13,6.931484167731794
2621,2019,MN,Southern Minnesota Beet Sugar,54533,Southern Minnesota Beet Sugar,27,129.0,44.796405,-95.179787,COAL,0.2996,7.5,16840.185,1494,567,3 miles,78.0,69.0,53.0,0.24,71.0,64.0,42.0,0.2,0.25,0.39,0.36,77.0,66.0,62.0,0.25,0.3,0.33,0.01,65.0,65.0,50.0,0.02,0.02,0.04,0.16,90.0,81.0,71.0,0.07,0.1,0.13,0.9517089617084008
2628,2019,VA,City Point Energy Center,10377,City Point Energy Center,51,670.0,37.2939,-77.2697,COAL,0.01706,114.8,17158.0,22422,8821,3 miles,81.0,80.0,71.0,0.47,66.0,71.0,64.0,0.38,0.33,0.39,0.43,81.0,80.0,72.0,0.25,0.27,0.33,0.01,60.0,63.0,51.0,0.03,0.03,0.04,0.17,79.0,81.0,74.0,0.11,0.1,0.13,1.0924252675116752
2630,2019,VA,"Spruance Genco, LLC",54081,Veolia Energy Operating Service,51,760.0,37.4556,-77.4308,COAL,0.00806,229.6,7923.914,36624,12978,3 miles,90.0,89.0,82.0,0.74,88.0,86.0,81.0,0.38,0.33,0.39,0.5,88.0,86.0,79.0,0.25,0.27,0.33,0.08,90.0,90.0,81.0,0.03,0.03,0.04,0.25,92.0,92.0,86.0,0.11,0.1,0.13,0.4181061550668464
2636,2019,MN,Hibbing,1979,Hibbing Public Utilities Comm,27,137.0,47.4294,-92.935,COAL,0.04768,35.9,8119.759,13173,5615,3 miles,77.0,68.0,53.0,0.07,31.0,29.0,15.0,0.2,0.25,0.39,0.42,84.0,74.0,70.0,0.25,0.3,0.33,0.01,64.0,64.0,49.0,0.02,0.02,0.04,0.09,72.0,57.0,49.0,0.07,0.1,0.13,0.6940551519481232
2655,2019,OH,Orrville,2935,City of Orrville - (OH),39,169.0,40.850964,-81.765764,COAL,0.02004,84.5,9121.006,10679,4394,3 miles,37.0,31.0,23.0,0.12,53.0,45.0,25.0,0.21,0.25,0.39,0.29,52.0,55.0,51.0,0.32,0.3,0.33,0.02,82.0,75.0,60.0,0.01,0.02,0.04,0.07,48.0,49.0,42.0,0.1,0.1,0.13,4.244549503657385
2662,2019,KY,HMP and L Station 2,1382,Big Rivers Electric Corp,21,101.0,37.6469,-87.5028,COAL,0.00384,405.0,13085.023,1040,371,3 miles,61.0,43.0,47.0,0.16,68.0,28.0,31.0,0.15,0.39,0.39,0.41,58.0,61.0,69.0,0.38,0.36,0.33,0.03,85.0,68.0,61.0,0.01,0.03,0.04,0.15,60.0,65.0,70.0,0.14,0.13,0.13,3.3459808381812604
2665,2019,IL,SIUC,57928,Southern Illinois University Carbondale,17,77.0,37.711944,-89.215,COAL,0.18189,5.1,8126.0,27804,10950,3 miles,80.0,89.0,78.0,0.4,60.0,77.0,58.0,0.38,0.25,0.39,0.62,91.0,90.0,89.0,0.29,0.3,0.33,0.04,66.0,81.0,67.0,0.05,0.02,0.04,0.05,33.0,34.0,29.0,0.11,0.1,0.13,1.053410653843004
2727,2019,CO,Western Sugar Coop- Ft Morgan,58081,Western Sugar Cooperative,8,87.0,40.263,-103.8069,COAL,0.26199,3.0,3993.0,14433,5286,3 miles,80.0,85.0,67.0,0.54,82.0,88.0,69.0,0.32,0.25,0.39,0.39,76.0,75.0,67.0,0.27,0.28,0.33,0.14,94.0,96.0,88.0,0.03,0.02,0.04,0.25,91.0,94.0,85.0,0.09,0.08,0.13,0.33301931016617736
2861,2019,MT,Western Sugar Cooperative - Billings,62319,Western Sugar Cooperative  - Billings,30,111.0,45.765346,-108.499232,COAL,0.38904,1.5,5111.256,38462,16665,3 miles,75.0,67.0,51.0,0.2,82.0,54.0,37.0,0.14,0.25,0.39,0.41,69.0,77.0,68.0,0.34,0.28,0.33,0.01,87.0,59.0,47.0,0.0,0.02,0.04,0.09,75.0,69.0,50.0,0.07,0.08,0.13,0.6666763885550585
2890,2019,MN,Archer Daniels Midland Mankato,10863,Archer Daniels Midland Co,27,13.0,44.187066,-93.99242,COAL,0.04186,10.5,3850.0,45599,18390,3 miles,56.0,52.0,39.0,0.14,54.0,49.0,28.0,0.2,0.25,0.39,0.38,79.0,68.0,64.0,0.25,0.3,0.33,0.01,65.0,64.0,49.0,0.02,0.02,0.04,0.06,56.0,42.0,35.0,0.07,0.1,0.13,0.200970352193352
2893,2019,OH,Wausau Paper Middletown,57940,Wausau Paper Middletown,39,17.0,39.519989,-84.406153,COAL,0.0437,7.5,2850.013,39711,16052,3 miles,76.0,73.0,58.0,0.21,68.0,60.0,38.0,0.21,0.25,0.39,0.48,77.0,80.0,78.0,0.32,0.3,0.33,0.02,77.0,69.0,54.0,0.01,0.02,0.04,0.18,85.0,85.0,76.0,0.1,0.1,0.13,0.3609853025392051
2895,2019,OH,Painesville,2936,City of Painesville,39,85.0,41.7265,-81.254,COAL,0.00546,55.5,2538.539,40995,15784,3 miles,57.0,51.0,39.0,0.25,73.0,66.0,44.0,0.21,0.25,0.39,0.31,55.0,58.0,54.0,0.32,0.3,0.33,0.03,83.0,76.0,61.0,0.01,0.02,0.04,0.13,72.0,73.0,63.0,0.1,0.1,0.13,1.0661860081650825
2896,2019,IA,Streeter Station,1131,Cedar Falls Utilities,19,13.0,42.5267,-92.4394,COAL,0.00188,51.5,34.786,43320,16125,3 miles,23.0,25.0,18.0,0.1,56.0,44.0,21.0,0.14,0.2,0.39,0.31,61.0,55.0,54.0,0.29,0.31,0.33,0.02,74.0,75.0,53.0,0.02,0.02,0.04,0.04,30.0,26.0,21.0,0.08,0.09,0.13,0.7548784653136525
2900,2019,MI,MSC Sebewaing,57949,Michigan Sugar Company,26,63.0,43.741111,-83.447222,COAL,0.03087,2.5,477.627,2454,1089,3 miles,54.0,57.0,43.0,0.07,28.0,29.0,15.0,0.25,0.25,0.39,0.22,37.0,41.0,38.0,0.33,0.3,0.33,0.0,63.0,59.0,45.0,0.02,0.02,0.04,0.07,46.0,46.0,39.0,0.09,0.1,0.13,0.08585113835104677
2926,2019,MI,Neenah Paper Munising Mill,54867,Neenah Paper Michigan Inc.,26,3.0,46.4094,-86.6443,COAL,0.01038,6.2,470.919,4027,1291,3 miles,63.0,65.0,50.0,0.18,59.0,56.0,34.0,0.25,0.25,0.39,0.34,59.0,63.0,59.0,0.33,0.3,0.33,0.0,63.0,59.0,45.0,0.02,0.02,0.04,0.1,65.0,64.0,55.0,0.09,0.1,0.13,0.07140968276858192
3285,2019,TX,J T Deely,6181,City of San Antonio - (TX),48,29.0,29.308056,-98.3228,COAL,0.0,932.0,-11272.42,2679,879,3 miles,50.0,57.0,70.0,0.53,45.0,53.0,68.0,0.58,0.52,0.39,0.42,63.0,61.0,70.0,0.35,0.37,0.33,0.08,65.0,73.0,79.0,0.08,0.06,0.04,0.18,61.0,63.0,74.0,0.17,0.16,0.13,0.0004085243698954758
3367,2019,IL,Tate & Lyle,10867,Tate & Lyle Ingredients Americas Inc,17,115.0,39.84919,-88.931944,COAL,0.0,64.8,,51516,22141,3 miles,62.0,74.0,58.0,0.36,57.0,75.0,55.0,0.38,0.25,0.39,0.47,79.0,79.0,76.0,0.29,0.3,0.33,0.0,45.0,60.0,45.0,0.05,0.02,0.04,0.13,69.0,74.0,64.0,0.11,0.1,0.13,8.321542699591756
